advance_memo_counted_by_old;both_count;customer_id;diff_reason;net_due;new_only_count;old_51_count;old_51_rupees;old_only_count;paid_amount;receipts_cn_netted;receipts_memo_excl;receipts_same_day;sale_number;section;set_91_count;set_91_rupees;shape;tender;tender_residual
0;;214db117-3616-4508-ac9f-3fcbb05903e1;BOTH;3050;;1;50;;3100;3100;3100;0;INV/25-26/1229;bill;1;50;RECEIPT_OVER_PARTIAL;0;0
0;;83937541-7e14-4dbc-8d79-0a4dff814e4d;BOTH;3950;;1;550;;4500;4500;4500;550;INV/25-26/1413;bill;1;550;RECEIPT_OVER_PARTIAL;0;0
0;;5b80d18e-07f5-4833-8032-136a120eb433;BOTH;15563;;1;639;;15563;16202;16202;0;INV/25-26/255;bill;1;639;RECEIPT_OVER_PARTIAL;0;0
0;;3442fa9c-0d6b-47f5-b631-4c30dc3faf46;BOTH;3200;;1;1300;;4500;4500;4500;1300;INV/25-26/443;bill;1;1300;RECEIPT_OVER_PARTIAL;0;0
0;;7383a57f-3e10-4fca-b67c-14b2fb151ec8;BOTH;9200;;1;3200;;12400;12400;12400;0;INV/25-26/733;bill;1;3200;RECEIPT_OVER_PARTIAL;0;0
0;;daf3a60f-ef50-4d9a-822a-621d613a99a9;BOTH;12252;;1;3000;;12252;15252;15252;0;INV/25-26/779;bill;1;3000;RECEIPT_OVER_PARTIAL;0;0
0;;3063c897-8909-40c9-808c-cdbb94344f40;BOTH;20000;;1;10000;;20000;30000;30000;30000;INV/25-26/799;bill;1;10000;RECEIPT_OVER_PARTIAL;0;0
0;;fd857b39-a7bd-4bef-9639-a5524c7d4cbf;BOTH;24850;;1;24850;;24850.00;49700;49700;49700;INV/25-26/821;bill;1;24850;EXACT_DOUBLE_RECEIPT;0;0
0;;2fcbb26b-e1d5-40aa-a528-a6374cabeb43;BOTH;5250;;1;5250;;5250;10500;10500;0;INV/26-27/1089;bill;1;5250;EXACT_DOUBLE_RECEIPT;0;0
0;;933ba20a-da65-4216-93fe-df46fbd24d06;BOTH;3150;;1;3150;;3150;6300;6300;0;INV/26-27/1117;bill;1;3150;EXACT_DOUBLE_RECEIPT;0;0
0;;1ce7dbea-7da0-4c3b-b805-be5d39cb4779;BOTH;7972.286999999999;;1;3841.713000000001;;7972;11814;11814;0;INV/26-27/157;bill;1;3841.713000000001;RECEIPT_OVER_PARTIAL;0;0
0;;526460c5-f9ef-4bb7-82f5-5ca90461aeb1;BOTH;250;;1;250;;250;500;500;500;INV/26-27/1621;bill;1;250;EXACT_DOUBLE_RECEIPT;0;0
0;;fc05b0af-62b9-4519-b8c0-d90ff74d2307;BOTH;5656.7;;1;363.3;;5657;6020;6020;0;INV/26-27/187;bill;1;363.3;RECEIPT_OVER_PARTIAL;0;0
0;;1f98d2c7-28c2-417a-bdcc-0d41eccb467e;BOTH;10500;;1;1000;;11500;11500;11500;0;INV/26-27/262;bill;1;1000;RECEIPT_OVER_PARTIAL;0;0
0;;9917dc4d-7257-43bf-abf5-7492bc79b29b;BOTH;8600;;1;4200;;12800;12800;12800;0;INV/26-27/341;bill;1;4200;RECEIPT_OVER_PARTIAL;0;0
0;;93b947b9-fb2f-435d-bc14-d11ba93895a4;BOTH;4500;;1;1800;;6300;6300;6300;1800;INV/26-27/469;bill;1;1800;RECEIPT_OVER_PARTIAL;0;0
0;;1167547a-2ef1-4931-8993-2cb21ebcb619;BOTH;5800;;1;5500;;5800.00;11300;11300;0;POS/25-26/1130;bill;1;5500;RECEIPT_OVER_PARTIAL;0;0
0;;;BOTH;0;;1;937;;937;937;937;0;POS/25-26/118;bill;1;1874;NET_DUE_ZERO;937;937
0;;ff3547a1-d241-4fff-8465-665ee86707bb;BOTH;11000;;1;9000;;11000.00;20000;20000;0;POS/25-26/123;bill;1;10000;RECEIPT_OVER_PARTIAL;1000;1000
0;;87534d47-323f-4057-ae72-6ad52095b68b;BOTH;7200;;1;1400;;8600;8600;8600;8000;POS/25-26/405;bill;1;1400;RECEIPT_OVER_PARTIAL;0;0
0;;32d34671-e02d-438e-8b21-dac59eca0822;BOTH;300;;1;600;;900;900;900;0;POS/25-26/739;bill;1;600;RECEIPT_OVER_PARTIAL;0;0
0;;4046e7f4-ad50-43f8-9199-603520253a00;BOTH;1200;;1;800;;1500;2000;2000;0;POS/25-26/818;bill;1;2300;RECEIPT_DUPLICATES_AT_SALE_TENDER;1500;1500
0;;02d461c8-bcf3-4303-8534-158f409eff3f;BOTH;4000;;1;300;;4000;4300;4300;0;POS/25-26/820;bill;1;4300;RECEIPT_DUPLICATES_AT_SALE_TENDER;4000;4000
0;;3a4ef881-e561-4c0e-9764-1c8e903fe109;BOTH;3100;;1;2100;;3100.00;5200;5200;0;POS/25-26/875;bill;1;3100;RECEIPT_OVER_PARTIAL;1000;1000
0;;30d72f5a-27b0-43e5-a651-e7b8b8d913f1;BOTH;0;;1;200;;200;200;200;0;POS/26-27/1002;bill;1;200;NET_DUE_ZERO;0;0
0;;71b043b8-957c-472d-98ce-203fc4e35877;BOTH;5570;;1;5570;;5570.00;11140;11140;5570;POS/26-27/1116;bill;1;5570;EXACT_DOUBLE_RECEIPT;0;0
0;;54572eba-f362-4bf4-8bff-f51b4dfdd9e2;BOTH;7500;;1;2500;;7500;10000;10000;0;POS/26-27/1126;bill;1;5000;RECEIPT_OVER_PARTIAL;2500;2500
0;;9004106f-be58-4a3a-8df2-01f08ea8c569;BOTH;2249.5;;1;245.5;;2249.5;2495;2495;0;POS/26-27/1322;bill;1;2495.0;RECEIPT_DUPLICATES_AT_SALE_TENDER;2249.5;2249.5
0;;5d17dd09-5cde-4876-87c6-dc8e47f15b23;BOTH;3000;;1;3000;;3000;6000;6000;0;POS/26-27/1361;bill;1;3000;EXACT_DOUBLE_RECEIPT;0;0
0;;b9bd7c57-36e6-458c-8867-fb88d4bf4001;BOTH;1000.0008;;1;1199.9992;;2950;2200;2200;0;POS/26-27/1522;bill;1;1949.9992;RECEIPT_OVER_PARTIAL;750;750
0;;22e086fa-29f8-48a6-a66c-b7f5d3ad370f;BOTH;1700;;1;600;;1700;2300;2300;0;POS/26-27/1752;bill;1;2300;RECEIPT_DUPLICATES_AT_SALE_TENDER;1700;1700
0;;0616f278-8878-45fb-9dd4-ea899dfeb039;BOTH;2745;;1;2745;;2745.00;5490;5490;0;POS/26-27/221;bill;1;2745;EXACT_DOUBLE_RECEIPT;0;0
0;;98529989-4d61-4fd6-b685-4832fd2583ca;BOTH;2705;;1;1584;;2705;4289;4289;0;POS/26-27/2358;bill;1;4289;RECEIPT_DUPLICATES_AT_SALE_TENDER;2705;2705
0;;71b043b8-957c-472d-98ce-203fc4e35877;BOTH;570;;1;570;;570.00;1140;1140;0;POS/26-27/292;bill;1;570;EXACT_DOUBLE_RECEIPT;0;0
0;;c25acad2-2253-4cd0-98d4-dd2728d4d3b5;BOTH;1977;;1;1977.00;;1977.00;3954.00;3954.00;1977.00;POS/26-27/378;bill;1;1977.00;EXACT_DOUBLE_RECEIPT;0;0
0;;1ad6cd52-ce9c-48fd-85e0-12300ddd2a70;BOTH;2000;;1;2000;;2000.00;4000;4000;0;POS/26-27/416;bill;1;2000;EXACT_DOUBLE_RECEIPT;0;0
0;;bc266355-68d6-424b-b71c-855aad2395c4;BOTH;0;;1;1599.00;;0;1599.00;1599.00;1599.00;POS/26-27/459;bill;1;1599.00;NET_DUE_ZERO;0;0
0;;bc266355-68d6-424b-b71c-855aad2395c4;BOTH;0;;1;1599.00;;0;1599.00;1599.00;1599.00;POS/26-27/478;bill;1;1599.00;NET_DUE_ZERO;0;0
0;;0616f278-8878-45fb-9dd4-ea899dfeb039;BOTH;3149;;1;3149;;3149.00;6298;6298;0;POS/26-27/536;bill;1;3149;EXACT_DOUBLE_RECEIPT;0;0
0;;721fd1c2-29dc-486f-b543-68bfb4870ec2;BOTH;3300;;1;3300;;3300.00;6600;6600;0;POS/26-27/558;bill;1;3300;EXACT_DOUBLE_RECEIPT;0;0
0;;0616f278-8878-45fb-9dd4-ea899dfeb039;BOTH;3900;;1;3900;;3900.00;7800;7800;0;POS/26-27/580;bill;1;3900;EXACT_DOUBLE_RECEIPT;0;0
0;;ae7d0c17-8d95-459e-8bc1-62135c39a0ae;BOTH;2299;;1;2299;;2299.00;4598;4598;0;POS/26-27/610;bill;1;2299;EXACT_DOUBLE_RECEIPT;0;0
0;;30615061-3f6f-4433-99f6-cd8a93d8276f;BOTH;0;;1;100;;1600;100;100;0;POS/26-27/686;bill;1;1600;NET_DUE_ZERO;1500;1500
0;;0616f278-8878-45fb-9dd4-ea899dfeb039;BOTH;1500;;1;1500;;1500.00;3000;3000;0;POS/26-27/70;bill;1;1500;EXACT_DOUBLE_RECEIPT;0;0
0;;5d17dd09-5cde-4876-87c6-dc8e47f15b23;BOTH;9185;;1;6035;;9185;15220;15220;0;POS/26-27/771;bill;1;7035;RECEIPT_OVER_PARTIAL;1000;1000
0;;8538501f-2f0b-4f69-8974-d96aaf06b682;BOTH;13699.9;;1;13700.1;;13699.90;27400;27400;0;POS/26-27/808;bill;1;13700.1;EXACT_DOUBLE_RECEIPT;0;0
0;;;BOTH;15862;;1;15862;;15862.00;31724;31724;0;POS/26-27/85;bill;1;15862;EXACT_DOUBLE_RECEIPT;0;0
0;;dde74df8-fe5d-48c8-a010-d33f290b98bc;BOTH;2770;;1;2770;;2770.00;5540;5540;0;POS/26-27/853;bill;1;2770;EXACT_DOUBLE_RECEIPT;0;0
0;;32d34671-e02d-438e-8b21-dac59eca0822;NEW_ONLY_AT_SALE_TENDER;9850;;0;0;;9850;4000;4000;0;POS/25-26/1214;bill;1;250;MIXED_TENDER_PLUS_RECEIPT_OVER;6100;6100
0;;07e95598-84b7-4e94-bb55-6ec0a961becd;NEW_ONLY_AT_SALE_TENDER;6500;;0;0;;6500.00;6500;6500;0;POS/25-26/134;bill;1;3000;MIXED_TENDER_PLUS_RECEIPT_OVER;3000;3000
0;;b9bd7c57-36e6-458c-8867-fb88d4bf4001;NEW_ONLY_AT_SALE_TENDER;4100;;0;0;;4100;4100;4100;0;POS/25-26/667;bill;1;4100;RECEIPT_DUPLICATES_AT_SALE_TENDER;4100;4100
0;;75d1295d-eaf0-4dd4-b884-f62c94e1ad18;NEW_ONLY_AT_SALE_TENDER;8200;;0;0;;8200;4200;4200;0;POS/25-26/678;bill;1;4200;RECEIPT_DUPLICATES_AT_SALE_TENDER;8200;8200
0;;823962af-2422-49ff-b907-36bd2fb568fe;NEW_ONLY_AT_SALE_TENDER;2800;;0;0;;2800.00;2800;2800;0;POS/25-26/714;bill;1;1000;MIXED_TENDER_PLUS_RECEIPT_OVER;1000;1000
0;;1167547a-2ef1-4931-8993-2cb21ebcb619;NEW_ONLY_AT_SALE_TENDER;81200;;0;0;;81200;12000;12000;0;POS/25-26/717;bill;1;6000;MIXED_TENDER_PLUS_RECEIPT_OVER;75200;75200
0;;7f1ca914-dd1f-4c93-8902-934513b0c1cf;NEW_ONLY_AT_SALE_TENDER;1775;;0;0;;1775;1278;1278;0;POS/25-26/953;bill;1;1278;RECEIPT_DUPLICATES_AT_SALE_TENDER;1775;1775
0;;7fb7d5d7-755b-410b-9158-444ab8f69de6;NEW_ONLY_AT_SALE_TENDER;1205;;0;0;;1205;1205;1205;0;POS/26-27/1047;bill;1;1205;RECEIPT_DUPLICATES_AT_SALE_TENDER;1205;1205
0;;52295574-5fc4-4f03-93a7-f9dd9b3932b8;NEW_ONLY_AT_SALE_TENDER;10309.6;;0;0;;10310;5310;5310;0;POS/26-27/1050;bill;1;5310.4;RECEIPT_DUPLICATES_AT_SALE_TENDER;10310;10310
0;;a6aad82f-0e2f-41fd-b60d-b109600be6e0;NEW_ONLY_AT_SALE_TENDER;2394;;0;0;;2394;2394;2394;0;POS/26-27/1297;bill;1;1000;MIXED_TENDER_PLUS_RECEIPT_OVER;1000;1000
0;;70a1d1cc-b534-49e2-8461-989b26fe1935;NEW_ONLY_AT_SALE_TENDER;1150.0004999999999;;0;0;;1150;150;150;0;POS/26-27/1312;bill;1;149.9995000000001;RECEIPT_DUPLICATES_AT_SALE_TENDER;1150;1150
0;;5d17dd09-5cde-4876-87c6-dc8e47f15b23;NEW_ONLY_AT_SALE_TENDER;2750.1;;0;0;;2750.1;2750;2750;0;POS/26-27/1326;bill;1;2750.0;RECEIPT_DUPLICATES_AT_SALE_TENDER;2750.1;2750.1
0;;70a1d1cc-b534-49e2-8461-989b26fe1935;NEW_ONLY_AT_SALE_TENDER;1700;;0;0;;1700;1200;1200;0;POS/26-27/1353;bill;1;1200;RECEIPT_DUPLICATES_AT_SALE_TENDER;1700;1700
0;;0e55c65b-151d-4192-9201-99ce4033d1d1;NEW_ONLY_AT_SALE_TENDER;1200;;0;0;;1200;200;200;0;POS/26-27/1363;bill;1;200;RECEIPT_DUPLICATES_AT_SALE_TENDER;1200;1200
0;;ffe63ae6-51bf-43bf-8bd5-7a17c7f7075c;NEW_ONLY_AT_SALE_TENDER;3299.99990001;;0;0;;3300;2800;2800;0;POS/26-27/1411;bill;1;2800.00009999;RECEIPT_DUPLICATES_AT_SALE_TENDER;3300;3300
0;;cbf33d65-e373-4be0-9f96-c3160f01a0f5;NEW_ONLY_AT_SALE_TENDER;2250;;0;0;;2250;250;250;0;POS/26-27/1445;bill;1;250;RECEIPT_DUPLICATES_AT_SALE_TENDER;2250;2250
0;;dde74df8-fe5d-48c8-a010-d33f290b98bc;NEW_ONLY_AT_SALE_TENDER;6290;;0;0;;6290;6290;6290;0;POS/26-27/1488;bill;1;6290;RECEIPT_DUPLICATES_AT_SALE_TENDER;6290;6290
0;;5d17dd09-5cde-4876-87c6-dc8e47f15b23;NEW_ONLY_AT_SALE_TENDER;6325;;0;0;;6325;6325;6325;0;POS/26-27/1579;bill;1;6325;RECEIPT_DUPLICATES_AT_SALE_TENDER;6325;6325
0;;dde74df8-fe5d-48c8-a010-d33f290b98bc;NEW_ONLY_AT_SALE_TENDER;2547;;0;0;;2547;2547;2547;0;POS/26-27/1594;bill;1;2547;RECEIPT_DUPLICATES_AT_SALE_TENDER;2547;2547
0;;dde74df8-fe5d-48c8-a010-d33f290b98bc;NEW_ONLY_AT_SALE_TENDER;849;;0;0;;849;849;849;0;POS/26-27/1714;bill;1;849;RECEIPT_DUPLICATES_AT_SALE_TENDER;849;849
0;;22e086fa-29f8-48a6-a66c-b7f5d3ad370f;NEW_ONLY_AT_SALE_TENDER;1900.0002;;0;0;;1200;1200;1200;0;POS/26-27/1753;bill;1;499.9998;MIXED_TENDER_PLUS_RECEIPT_OVER;1200;1200
0;;9c324a1a-6a06-41e4-b51a-9b3e1f6219fc;NEW_ONLY_AT_SALE_TENDER;1399.9993;;0;0.0007;;1399.9993;1400;1400;0;POS/26-27/1768;bill;1;1000.0007;MIXED_TENDER_PLUS_RECEIPT_OVER;1000;1000
0;;0616f278-8878-45fb-9dd4-ea899dfeb039;NEW_ONLY_AT_SALE_TENDER;12584;;0;0;;12584;7584;7584;0;POS/26-27/1787;bill;1;7584;RECEIPT_DUPLICATES_AT_SALE_TENDER;12584;12584
0;;c6633e62-9c59-4c9d-bf64-d879faf9f264;NEW_ONLY_AT_SALE_TENDER;17800;;0;0;;17800.00;17800;17800;0;POS/26-27/185;bill;1;3000;MIXED_TENDER_PLUS_RECEIPT_OVER;3000;3000
0;;b7421872-14e6-493a-a01d-f65e8090a1f6;NEW_ONLY_AT_SALE_TENDER;400;;0;0;;200;200;200;0;POS/26-27/1851;bill;1;800;RECEIPT_DUPLICATES_AT_SALE_TENDER;1000;1000
0;;1b55c8fa-22cc-4b37-8e11-c6755a8dd1fa;NEW_ONLY_AT_SALE_TENDER;442.005;;0;0;;442;442;442;0;POS/26-27/1919;bill;1;441.995;RECEIPT_DUPLICATES_AT_SALE_TENDER;442;442
0;;eed049ad-25b0-4380-92d4-316219cd8282;NEW_ONLY_AT_SALE_TENDER;10400;;0;0;;10400;8400;8400;0;POS/26-27/1947;bill;1;8400;RECEIPT_DUPLICATES_AT_SALE_TENDER;10400;10400
0;;1b55c8fa-22cc-4b37-8e11-c6755a8dd1fa;NEW_ONLY_AT_SALE_TENDER;1203;;0;0;;1203;1203;1203;0;POS/26-27/1971;bill;1;1203;RECEIPT_DUPLICATES_AT_SALE_TENDER;1203;1203
0;;5d17dd09-5cde-4876-87c6-dc8e47f15b23;NEW_ONLY_AT_SALE_TENDER;4000;;0;0;;4000;4000;4000;0;POS/26-27/2023;bill;1;4000;RECEIPT_DUPLICATES_AT_SALE_TENDER;4000;4000
0;;a52e9c66-0f1c-4aa2-b0d8-7d84c0987831;NEW_ONLY_AT_SALE_TENDER;763;;0;0;;763;763;763;0;POS/26-27/2250;bill;1;763;RECEIPT_DUPLICATES_AT_SALE_TENDER;763;763
0;;e90adfd4-0958-420f-b877-0aea636a7d4f;NEW_ONLY_AT_SALE_TENDER;5000;;0;0;;5000;5000;5000;1000;POS/26-27/270;bill;1;4000;MIXED_TENDER_PLUS_RECEIPT_OVER;5000;4000
0;;bc266355-68d6-424b-b71c-855aad2395c4;NEW_ONLY_AT_SALE_TENDER;4500;;0;0;;3000;3000;3000;0;POS/26-27/454;bill;1;1500;MIXED_TENDER_PLUS_RECEIPT_OVER;3000;3000
0;;3c2e5760-cc73-4b81-87f8-567fcd178448;NEW_ONLY_AT_SALE_TENDER;4500;;0;0;;4500;4500;4500;0;POS/26-27/513;bill;1;4500;RECEIPT_DUPLICATES_AT_SALE_TENDER;4500;4500
0;;b9bd7c57-36e6-458c-8867-fb88d4bf4001;NEW_ONLY_AT_SALE_TENDER;900;;0;0;;900.00;900;900;0;POS/26-27/718;bill;1;500;MIXED_TENDER_PLUS_RECEIPT_OVER;500;500
0;;c085667a-c7ba-4a9f-b842-cead6f56310a;NEW_ONLY_AT_SALE_TENDER;2999.9996;;0;0.0004;;3000;3000;3000;0;POS/26-27/765;bill;1;400.0004;MIXED_TENDER_PLUS_RECEIPT_OVER;400;400
0;;5d17dd09-5cde-4876-87c6-dc8e47f15b23;NEW_ONLY_AT_SALE_TENDER;7000;;0;0;;7000;7000;7000;0;POS/26-27/849;bill;1;7000;RECEIPT_DUPLICATES_AT_SALE_TENDER;7000;7000
0;;a3815bf9-b431-4d95-934a-9857c6be4fe5;NEW_ONLY_AT_SALE_TENDER;1595;;0;0;;1595;1595;1595;0;POS/26-27/851;bill;1;1595;RECEIPT_DUPLICATES_AT_SALE_TENDER;1595;1595
10200;;aacca229-d4da-4c65-a7b7-39b528743fff;OLD_ONLY_ADVANCE_MEMO;10100;;1;100;;10200;10200;0;0;INV/25-26/1194;bill;0;0;MIXED_TENDER_PLUS_RECEIPT_OVER;0;0
21000;;aacca229-d4da-4c65-a7b7-39b528743fff;OLD_ONLY_ADVANCE_MEMO;20750;;1;250;;21000;21000;0;0;INV/25-26/585;bill;0;0;MIXED_TENDER_PLUS_RECEIPT_OVER;0;0
5050;;aacca229-d4da-4c65-a7b7-39b528743fff;OLD_ONLY_ADVANCE_MEMO;4400;;1;650;;5050;5050;0;0;INV/25-26/856;bill;0;0;MIXED_TENDER_PLUS_RECEIPT_OVER;0;0
;48;;;;37;51;163085.612200000001;3;;;;;;headline;85;280818.5076999900011;;;
;;;BOTH;;;48;162085.612200000001;;;;;;;reason;;182927.112200000001;;;
;;;NEW_ONLY_AT_SALE_TENDER;;;37;0.0011;;;;;;;reason;;97891.3954999900001;;;
;;;OLD_ONLY_ADVANCE_MEMO;;;3;1000;;;;;;;reason;;0;;;