a;b;c;customer_id;d;e;f;g;h;i;j;sale_number;section;shape;status;voucher_number
4000;4000;4300;02d461c8-bcf3-4303-8534-158f409eff3f;4300;0;4000;4000;completed → completed;2026-02-24;same_day 0 residual 4000;POS/25-26/820;bill;RECEIPT_DUPLICATES_AT_SALE_TENDER;HOLD_NON_ECHO_REDUNDANT;
12584;12584;7584;0616f278-8878-45fb-9dd4-ea899dfeb039;7584;0;12584;12584;completed → completed;2026-07-07;same_day 0 residual 12584;POS/26-27/1787;bill;RECEIPT_DUPLICATES_AT_SALE_TENDER;HOLD_NON_ECHO_REDUNDANT;
2745;0;5490;0616f278-8878-45fb-9dd4-ea899dfeb039;2745;2745;2745.00;2745;completed → completed;2026-04-11;same_day 0 residual 0;POS/26-27/221;bill;EXACT_DOUBLE_RECEIPT;OK;
3149;0;6298;0616f278-8878-45fb-9dd4-ea899dfeb039;3149;3149;3149.00;3149;completed → completed;2026-04-27;same_day 0 residual 0;POS/26-27/536;bill;EXACT_DOUBLE_RECEIPT;OK;
3900;0;7800;0616f278-8878-45fb-9dd4-ea899dfeb039;3900;3900;3900.00;3900;completed → completed;2026-04-29;same_day 0 residual 0;POS/26-27/580;bill;EXACT_DOUBLE_RECEIPT;OK;
1500;0;3000;0616f278-8878-45fb-9dd4-ea899dfeb039;1500;1500;1500.00;1500;completed → completed;2026-04-05;same_day 0 residual 0;POS/26-27/70;bill;EXACT_DOUBLE_RECEIPT;OK;
2000;0;4000;1ad6cd52-ce9c-48fd-85e0-12300ddd2a70;2000;2000;2000.00;2000;completed → completed;2026-04-21;same_day 0 residual 0;POS/26-27/416;bill;EXACT_DOUBLE_RECEIPT;OK;
442.005;442;442;1b55c8fa-22cc-4b37-8e11-c6755a8dd1fa;441.995;442;442;442;completed → completed;2026-06-30;same_day 0 residual 442;POS/26-27/1919;bill;RECEIPT_DUPLICATES_AT_SALE_TENDER;OK;
1203;1203;1203;1b55c8fa-22cc-4b37-8e11-c6755a8dd1fa;1203;1203;1203;1203;completed → completed;2026-07-01;same_day 0 residual 1203;POS/26-27/1971;bill;RECEIPT_DUPLICATES_AT_SALE_TENDER;OK;
7972.286999999999;0;11814;1ce7dbea-7da0-4c3b-b805-be5d39cb4779;3841.713000000001;0;7972;7972.286999999999;completed → completed;2026-04-11;same_day 0 residual 0;INV/26-27/157;bill;RECEIPT_OVER_PARTIAL;HOLD_NON_ECHO_REDUNDANT;
10500;0;11500;1f98d2c7-28c2-417a-bdcc-0d41eccb467e;1000;0;11500;10500;completed → completed;2026-04-20;same_day 0 residual 0;INV/26-27/262;bill;RECEIPT_OVER_PARTIAL;HOLD_BALANCE_ADJUSTMENT;
3050;0;3100;214db117-3616-4508-ac9f-3fcbb05903e1;50;0;3100;3050;completed → completed;2026-03-14;same_day 0 residual 0;INV/25-26/1229;bill;RECEIPT_OVER_PARTIAL;HOLD_PARTIAL;
5250;0;10500;2fcbb26b-e1d5-40aa-a528-a6374cabeb43;5250;5250;5250;5250;completed → completed;2026-05-26;same_day 0 residual 0;INV/26-27/1089;bill;EXACT_DOUBLE_RECEIPT;OK;
20000;0;30000;3063c897-8909-40c9-808c-cdbb94344f40;10000;5000;20000;20000;completed → completed;2026-03-07;same_day 30000 residual 0;INV/25-26/799;bill;RECEIPT_OVER_PARTIAL;HOLD_NON_ECHO_REDUNDANT;
3200;0;4500;3442fa9c-0d6b-47f5-b631-4c30dc3faf46;1300;0;4500;3200;completed → completed;2026-02-28;same_day 1300 residual 0;INV/25-26/443;bill;RECEIPT_OVER_PARTIAL;HOLD_BALANCE_ADJUSTMENT;
4500;4500;4500;3c2e5760-cc73-4b81-87f8-567fcd178448;4500;4500;4500;4500;completed → completed;2026-05-02;same_day 0 residual 4500;POS/26-27/513;bill;RECEIPT_DUPLICATES_AT_SALE_TENDER;OK;
1200;1500;2000;4046e7f4-ad50-43f8-9199-603520253a00;2300;0;1500;1200;completed → completed;2026-02-24;same_day 0 residual 1500;POS/25-26/818;bill;RECEIPT_DUPLICATES_AT_SALE_TENDER;HOLD_NON_ECHO_REDUNDANT;
10309.6;10310;5310;52295574-5fc4-4f03-93a7-f9dd9b3932b8;5310.4;0;10310;10309.6;completed → completed;2026-05-22;same_day 0 residual 10310;POS/26-27/1050;bill;RECEIPT_DUPLICATES_AT_SALE_TENDER;HOLD_NON_ECHO_REDUNDANT;
250;0;500;526460c5-f9ef-4bb7-82f5-5ca90461aeb1;250;250;250;250;completed → completed;2026-06-16;same_day 500 residual 0;INV/26-27/1621;bill;EXACT_DOUBLE_RECEIPT;OK;
15563;0;16202;5b80d18e-07f5-4833-8032-136a120eb433;639;0;15563;15563;completed → completed;2026-01-27;same_day 0 residual 0;INV/25-26/255;bill;RECEIPT_OVER_PARTIAL;HOLD_PARTIAL;
1150.0004999999999;1150;150;70a1d1cc-b534-49e2-8461-989b26fe1935;149.9995000000001;0;1150;1150;completed → completed;2026-07-15;same_day 0 residual 1150;POS/26-27/1312;bill;RECEIPT_DUPLICATES_AT_SALE_TENDER;HOLD_NON_ECHO_REDUNDANT;
1700;1700;1200;70a1d1cc-b534-49e2-8461-989b26fe1935;1200;0;1700;1700;completed → completed;2026-07-21;same_day 0 residual 1700;POS/26-27/1353;bill;RECEIPT_DUPLICATES_AT_SALE_TENDER;HOLD_NON_ECHO_REDUNDANT;
5570;0;11140;71b043b8-957c-472d-98ce-203fc4e35877;5570;5570;5570.00;5570;completed → completed;2026-05-27;same_day 5570 residual 0;POS/26-27/1116;bill;EXACT_DOUBLE_RECEIPT;OK;
570;0;1140;71b043b8-957c-472d-98ce-203fc4e35877;570;570;570.00;570;completed → completed;2026-04-14;same_day 0 residual 0;POS/26-27/292;bill;EXACT_DOUBLE_RECEIPT;OK;
3300;0;6600;721fd1c2-29dc-486f-b543-68bfb4870ec2;3300;3300;3300.00;3300;completed → completed;2026-04-28;same_day 0 residual 0;POS/26-27/558;bill;EXACT_DOUBLE_RECEIPT;OK;
9200;0;12400;7383a57f-3e10-4fca-b67c-14b2fb151ec8;3200;0;12400;9200;completed → completed;2026-03-05;same_day 0 residual 0;INV/25-26/733;bill;RECEIPT_OVER_PARTIAL;HOLD_BALANCE_ADJUSTMENT;
8200;8200;4200;75d1295d-eaf0-4dd4-b884-f62c94e1ad18;4200;0;8200;8200;completed → completed;2026-02-07;same_day 0 residual 8200;POS/25-26/678;bill;RECEIPT_DUPLICATES_AT_SALE_TENDER;HOLD_NON_ECHO_REDUNDANT;
1775;1775;1278;7f1ca914-dd1f-4c93-8902-934513b0c1cf;1278;0;1775;1775;completed → completed;2026-03-30;same_day 0 residual 1775;POS/25-26/953;bill;RECEIPT_DUPLICATES_AT_SALE_TENDER;HOLD_NON_ECHO_REDUNDANT;
1205;1205;1205;7fb7d5d7-755b-410b-9158-444ab8f69de6;1205;1205;1205;1205;completed → completed;2026-05-24;same_day 0 residual 1205;POS/26-27/1047;bill;RECEIPT_DUPLICATES_AT_SALE_TENDER;OK;
3950;0;4500;83937541-7e14-4dbc-8d79-0a4dff814e4d;550;0;4500;3950;completed → completed;2026-03-18;same_day 550 residual 0;INV/25-26/1413;bill;RECEIPT_OVER_PARTIAL;HOLD_BALANCE_ADJUSTMENT;
13699.9;0;27400;8538501f-2f0b-4f69-8974-d96aaf06b682;13700.1;13700;13699.90;13699.9;completed → completed;2026-05-10;same_day 0 residual 0;POS/26-27/808;bill;EXACT_DOUBLE_RECEIPT;OK;
7200;0;8600;87534d47-323f-4057-ae72-6ad52095b68b;1400;0;8600;7200;completed → completed;2026-01-14;same_day 8000 residual 0;POS/25-26/405;bill;RECEIPT_OVER_PARTIAL;HOLD_NON_ECHO_REDUNDANT+PARTIAL;
2249.5;2249.5;2495;9004106f-be58-4a3a-8df2-01f08ea8c569;2495.0;0;2249.5;2249.5;completed → completed;2026-06-06;same_day 0 residual 2249.5;POS/26-27/1322;bill;RECEIPT_DUPLICATES_AT_SALE_TENDER;HOLD_NON_ECHO_REDUNDANT;
3150;0;6300;933ba20a-da65-4216-93fe-df46fbd24d06;3150;3150;3150;3150;completed → completed;2026-05-27;same_day 0 residual 0;INV/26-27/1117;bill;EXACT_DOUBLE_RECEIPT;OK;
4500;0;6300;93b947b9-fb2f-435d-bc14-d11ba93895a4;1800;0;6300;4500;completed → completed;2026-05-01;same_day 1800 residual 0;INV/26-27/469;bill;RECEIPT_OVER_PARTIAL;HOLD_BALANCE_ADJUSTMENT;
2705;2705;4289;98529989-4d61-4fd6-b685-4832fd2583ca;4289;0;2705;2705;completed → completed;2026-08-15;same_day 0 residual 2705;POS/26-27/2358;bill;RECEIPT_DUPLICATES_AT_SALE_TENDER;HOLD_NON_ECHO_REDUNDANT;
8600;0;12800;9917dc4d-7257-43bf-abf5-7492bc79b29b;4200;0;12800;8600;completed → completed;2026-04-26;same_day 0 residual 0;INV/26-27/341;bill;RECEIPT_OVER_PARTIAL;HOLD_BALANCE_ADJUSTMENT;
1595;1595;1595;a3815bf9-b431-4d95-934a-9857c6be4fe5;1595;1595;1595;1595;completed → completed;2026-05-12;same_day 0 residual 1595;POS/26-27/851;bill;RECEIPT_DUPLICATES_AT_SALE_TENDER;OK;
763;763;763;a52e9c66-0f1c-4aa2-b0d8-7d84c0987831;763;763;763;763;completed → completed;2026-07-11;same_day 0 residual 763;POS/26-27/2250;bill;RECEIPT_DUPLICATES_AT_SALE_TENDER;OK;
2299;0;4598;ae7d0c17-8d95-459e-8bc1-62135c39a0ae;2299;2299;2299.00;2299;completed → completed;2026-04-30;same_day 0 residual 0;POS/26-27/610;bill;EXACT_DOUBLE_RECEIPT;OK;
400;1000;200;b7421872-14e6-493a-a01d-f65e8090a1f6;800;0;200;400;partial → completed;2026-09-13;same_day 0 residual 1000;POS/26-27/1851;bill;RECEIPT_DUPLICATES_AT_SALE_TENDER;HOLD_NON_ECHO_REDUNDANT;
1977;0;3954.00;c25acad2-2253-4cd0-98d4-dd2728d4d3b5;1977.00;1977;1977.00;1977;completed → completed;2026-04-19;same_day 1977.00 residual 0;POS/26-27/378;bill;EXACT_DOUBLE_RECEIPT;OK;
2250;2250;250;cbf33d65-e373-4be0-9f96-c3160f01a0f5;250;0;2250;2250;completed → completed;2026-08-09;same_day 0 residual 2250;POS/26-27/1445;bill;RECEIPT_DUPLICATES_AT_SALE_TENDER;HOLD_NON_ECHO_REDUNDANT;
12252;0;15252;daf3a60f-ef50-4d9a-822a-621d613a99a9;3000;0;12252;12252;completed → completed;2026-03-20;same_day 0 residual 0;INV/25-26/779;bill;RECEIPT_OVER_PARTIAL;HOLD_PARTIAL;
6290;6290;6290;dde74df8-fe5d-48c8-a010-d33f290b98bc;6290;6290;6290;6290;completed → completed;2026-06-16;same_day 0 residual 6290;POS/26-27/1488;bill;RECEIPT_DUPLICATES_AT_SALE_TENDER;OK;
2547;2547;2547;dde74df8-fe5d-48c8-a010-d33f290b98bc;2547;2547;2547;2547;completed → completed;2026-06-22;same_day 0 residual 2547;POS/26-27/1594;bill;RECEIPT_DUPLICATES_AT_SALE_TENDER;OK;
849;849;849;dde74df8-fe5d-48c8-a010-d33f290b98bc;849;849;849;849;completed → completed;2026-07-01;same_day 0 residual 849;POS/26-27/1714;bill;RECEIPT_DUPLICATES_AT_SALE_TENDER;OK;
2770;0;5540;dde74df8-fe5d-48c8-a010-d33f290b98bc;2770;2770;2770.00;2770;completed → completed;2026-05-12;same_day 0 residual 0;POS/26-27/853;bill;EXACT_DOUBLE_RECEIPT;OK;
5000;5000;5000;e90adfd4-0958-420f-b877-0aea636a7d4f;4000;4000;5000;5000;completed → completed;2026-04-13;same_day 1000 residual 4000;POS/26-27/270;bill;MIXED_TENDER_PLUS_RECEIPT_OVER;OK;
10400;10400;8400;eed049ad-25b0-4380-92d4-316219cd8282;8400;0;10400;10400;completed → completed;2026-07-18;same_day 0 residual 10400;POS/26-27/1947;bill;RECEIPT_DUPLICATES_AT_SALE_TENDER;HOLD_NON_ECHO_REDUNDANT;
5656.7;0;6020;fc05b0af-62b9-4519-b8c0-d90ff74d2307;363.3;0;5657;5656.7;completed → completed;2026-04-15;same_day 0 residual 0;INV/26-27/187;bill;RECEIPT_OVER_PARTIAL;HOLD_PARTIAL;
24850;0;49700;fd857b39-a7bd-4bef-9639-a5524c7d4cbf;24850;24850;24850.00;24850;completed → completed;2026-03-07;same_day 49700 residual 0;INV/25-26/821;bill;EXACT_DOUBLE_RECEIPT;OK;
3299.99990001;3300;2800;ffe63ae6-51bf-43bf-8bd5-7a17c7f7075c;2800.00009999;0;3300;3299.99990001;completed → completed;2026-08-03;same_day 0 residual 3300;POS/26-27/1411;bill;RECEIPT_DUPLICATES_AT_SALE_TENDER;HOLD_NON_ECHO_REDUNDANT;
1;;4300;02d461c8-bcf3-4303-8534-158f409eff3f;0;0;;;POS/25-26/820;;;;customer;HOLD_NON_ECHO_REDUNDANT;HOLD;
5;;18878;0616f278-8878-45fb-9dd4-ea899dfeb039;11294;4;;;POS/26-27/1787, POS/26-27/221, POS/26-27/536, POS/26-27/580, POS/26-27/70;;;;customer;HOLD_NON_ECHO_REDUNDANT | OK;HOLD;
1;;2000;1ad6cd52-ce9c-48fd-85e0-12300ddd2a70;2000;1;;;POS/26-27/416;;;;customer;OK;READY;
2;;1644.995;1b55c8fa-22cc-4b37-8e11-c6755a8dd1fa;1645;2;;;POS/26-27/1919, POS/26-27/1971;;;;customer;OK;READY;
1;;3841.713000000001;1ce7dbea-7da0-4c3b-b805-be5d39cb4779;0;0;;;INV/26-27/157;;;;customer;HOLD_NON_ECHO_REDUNDANT;HOLD;
1;;1000;1f98d2c7-28c2-417a-bdcc-0d41eccb467e;0;0;;;INV/26-27/262;;;;customer;HOLD_BALANCE_ADJUSTMENT;HOLD;
1;;50;214db117-3616-4508-ac9f-3fcbb05903e1;0;0;;;INV/25-26/1229;;;;customer;HOLD_PARTIAL;HOLD;
1;;5250;2fcbb26b-e1d5-40aa-a528-a6374cabeb43;5250;1;;;INV/26-27/1089;;;;customer;OK;READY;
1;;10000;3063c897-8909-40c9-808c-cdbb94344f40;5000;1;;;INV/25-26/799;;;;customer;HOLD_NON_ECHO_REDUNDANT;HOLD;
1;;1300;3442fa9c-0d6b-47f5-b631-4c30dc3faf46;0;0;;;INV/25-26/443;;;;customer;HOLD_BALANCE_ADJUSTMENT;HOLD;
1;;4500;3c2e5760-cc73-4b81-87f8-567fcd178448;4500;1;;;POS/26-27/513;;;;customer;OK;READY;
1;;2300;4046e7f4-ad50-43f8-9199-603520253a00;0;0;;;POS/25-26/818;;;;customer;HOLD_NON_ECHO_REDUNDANT;HOLD;
1;;5310.4;52295574-5fc4-4f03-93a7-f9dd9b3932b8;0;0;;;POS/26-27/1050;;;;customer;HOLD_NON_ECHO_REDUNDANT;HOLD;
1;;250;526460c5-f9ef-4bb7-82f5-5ca90461aeb1;250;1;;;INV/26-27/1621;;;;customer;OK;READY;
1;;639;5b80d18e-07f5-4833-8032-136a120eb433;0;0;;;INV/25-26/255;;;;customer;HOLD_PARTIAL;HOLD;
2;;1349.9995000000001;70a1d1cc-b534-49e2-8461-989b26fe1935;0;0;;;POS/26-27/1312, POS/26-27/1353;;;;customer;HOLD_NON_ECHO_REDUNDANT;HOLD;
2;;6140;71b043b8-957c-472d-98ce-203fc4e35877;6140;2;;;POS/26-27/1116, POS/26-27/292;;;;customer;OK;READY;
1;;3300;721fd1c2-29dc-486f-b543-68bfb4870ec2;3300;1;;;POS/26-27/558;;;;customer;OK;READY;
1;;3200;7383a57f-3e10-4fca-b67c-14b2fb151ec8;0;0;;;INV/25-26/733;;;;customer;HOLD_BALANCE_ADJUSTMENT;HOLD;
1;;4200;75d1295d-eaf0-4dd4-b884-f62c94e1ad18;0;0;;;POS/25-26/678;;;;customer;HOLD_NON_ECHO_REDUNDANT;HOLD;
1;;1278;7f1ca914-dd1f-4c93-8902-934513b0c1cf;0;0;;;POS/25-26/953;;;;customer;HOLD_NON_ECHO_REDUNDANT;HOLD;
1;;1205;7fb7d5d7-755b-410b-9158-444ab8f69de6;1205;1;;;POS/26-27/1047;;;;customer;OK;READY;
1;;550;83937541-7e14-4dbc-8d79-0a4dff814e4d;0;0;;;INV/25-26/1413;;;;customer;HOLD_BALANCE_ADJUSTMENT;HOLD;
1;;13700.1;8538501f-2f0b-4f69-8974-d96aaf06b682;13700;1;;;POS/26-27/808;;;;customer;OK;READY;
1;;1400;87534d47-323f-4057-ae72-6ad52095b68b;0;0;;;POS/25-26/405;;;;customer;HOLD_NON_ECHO_REDUNDANT+PARTIAL;HOLD;
1;;2495.0;9004106f-be58-4a3a-8df2-01f08ea8c569;0;0;;;POS/26-27/1322;;;;customer;HOLD_NON_ECHO_REDUNDANT;HOLD;
1;;3150;933ba20a-da65-4216-93fe-df46fbd24d06;3150;1;;;INV/26-27/1117;;;;customer;OK;READY;
1;;1800;93b947b9-fb2f-435d-bc14-d11ba93895a4;0;0;;;INV/26-27/469;;;;customer;HOLD_BALANCE_ADJUSTMENT;HOLD;
1;;4289;98529989-4d61-4fd6-b685-4832fd2583ca;0;0;;;POS/26-27/2358;;;;customer;HOLD_NON_ECHO_REDUNDANT;HOLD;
1;;4200;9917dc4d-7257-43bf-abf5-7492bc79b29b;0;0;;;INV/26-27/341;;;;customer;HOLD_BALANCE_ADJUSTMENT;HOLD;
1;;1595;a3815bf9-b431-4d95-934a-9857c6be4fe5;1595;1;;;POS/26-27/851;;;;customer;OK;READY;
1;;763;a52e9c66-0f1c-4aa2-b0d8-7d84c0987831;763;1;;;POS/26-27/2250;;;;customer;OK;READY;
1;;2299;ae7d0c17-8d95-459e-8bc1-62135c39a0ae;2299;1;;;POS/26-27/610;;;;customer;OK;READY;
1;;800;b7421872-14e6-493a-a01d-f65e8090a1f6;0;0;;;POS/26-27/1851;;;;customer;HOLD_NON_ECHO_REDUNDANT;HOLD;
1;;1977.00;c25acad2-2253-4cd0-98d4-dd2728d4d3b5;1977;1;;;POS/26-27/378;;;;customer;OK;READY;
1;;250;cbf33d65-e373-4be0-9f96-c3160f01a0f5;0;0;;;POS/26-27/1445;;;;customer;HOLD_NON_ECHO_REDUNDANT;HOLD;
1;;3000;daf3a60f-ef50-4d9a-822a-621d613a99a9;0;0;;;INV/25-26/779;;;;customer;HOLD_PARTIAL;HOLD;
4;;12456;dde74df8-fe5d-48c8-a010-d33f290b98bc;12456;4;;;POS/26-27/1488, POS/26-27/1594, POS/26-27/1714, POS/26-27/853;;;;customer;OK;READY;
1;;4000;e90adfd4-0958-420f-b877-0aea636a7d4f;4000;1;;;POS/26-27/270;;;;customer;OK;READY;
1;;8400;eed049ad-25b0-4380-92d4-316219cd8282;0;0;;;POS/26-27/1947;;;;customer;HOLD_NON_ECHO_REDUNDANT;HOLD;
1;;363.3;fc05b0af-62b9-4519-b8c0-d90ff74d2307;0;0;;;INV/26-27/187;;;;customer;HOLD_PARTIAL;HOLD;
1;;24850;fd857b39-a7bd-4bef-9639-a5524c7d4cbf;24850;1;;;INV/25-26/821;;;;customer;OK;READY;
1;;2800.00009999;ffe63ae6-51bf-43bf-8bd5-7a17c7f7075c;0;0;;;POS/26-27/1411;;;;customer;HOLD_NON_ECHO_REDUNDANT;HOLD;
43;53;177074.5075999900011;;105374;27;17;26;;;;;headline;;;
4300;0;4000;02d461c8-bcf3-4303-8534-158f409eff3f;4000;4300;;;2026-05-26 15:57 cash vdate 2026-05-26 sale 2026-02-24;5bfccba7-b4b7-4519-a653-541e6f16cc66;Payment for POS/25-26/820;POS/25-26/820;receipt;NON_ECHO_REDUNDANT;HOLD_NON_ECHO_REDUNDANT;RCP/26-27/1060
7584;0;12584;0616f278-8878-45fb-9dd4-ea899dfeb039;12584;7584;;;2026-07-31 12:58 cash vdate 2026-07-31 sale 2026-07-07;b013a93d-8683-43e1-86ef-fefdd63f2834;Payment received for POS sale POS/26-27/1787 - ;POS/26-27/1787;receipt;NON_ECHO_REDUNDANT;HOLD_NON_ECHO_REDUNDANT;RCP/26-27/3261
2745;0;2745;0616f278-8878-45fb-9dd4-ea899dfeb039;0;2745;;;2026-05-30 17:09 cash vdate 2026-05-30 sale 2026-04-11;b8e77ab0-8f0d-4a80-b482-f3d84ef4aa65;Payment received for POS sale POS/26-27/221 - ;POS/26-27/221;receipt;DUP_DOUBLE_SUBMIT;DELETE;RCP/26-27/1140
2745;2745;2745;0616f278-8878-45fb-9dd4-ea899dfeb039;0;2745;;;2026-05-07 14:35  vdate 2026-05-07 sale 2026-04-11;3aa0127e-2946-4f1c-af3e-221a1db02c2e;Payment received from ANANYA TRIPATHI for invoice POS/26-27/221;POS/26-27/221;receipt;KEEP;KEEP;RCP/26-27/12#d3aa0127e
3149;0;3149;0616f278-8878-45fb-9dd4-ea899dfeb039;0;3149;;;2026-05-30 17:08 cash vdate 2026-05-30 sale 2026-04-27;fbf0f8a7-73e4-4cd6-b305-ec3c7f6393ba;Payment received for POS sale POS/26-27/536 - ;POS/26-27/536;receipt;DUP_DOUBLE_SUBMIT;DELETE;RCP/26-27/1136
3149;3149;3149;0616f278-8878-45fb-9dd4-ea899dfeb039;0;3149;;;2026-05-07 14:35  vdate 2026-05-07 sale 2026-04-27;f0454844-b167-4193-9ae5-4d6a93bc0b82;Payment received from ANANYA TRIPATHI for invoice POS/26-27/536;POS/26-27/536;receipt;KEEP;KEEP;RCP/26-27/13#df0454844
3900;0;3900;0616f278-8878-45fb-9dd4-ea899dfeb039;0;3900;;;2026-05-30 17:07 cash vdate 2026-05-30 sale 2026-04-29;a8709b62-3b9d-4758-816c-fd69653b777d;Payment received for POS sale POS/26-27/580 - ;POS/26-27/580;receipt;DUP_DOUBLE_SUBMIT;DELETE;RCP/26-27/1134
3900;3900;3900;0616f278-8878-45fb-9dd4-ea899dfeb039;0;3900;;;2026-05-07 14:35  vdate 2026-05-07 sale 2026-04-29;8fe05103-a4b1-4667-bec9-1fd1002c3729;Payment received from ANANYA TRIPATHI for invoice POS/26-27/580;POS/26-27/580;receipt;KEEP;KEEP;RCP/26-27/14#d8fe05103
1500;1500;1500;0616f278-8878-45fb-9dd4-ea899dfeb039;0;1500;;;2026-05-07 14:34  vdate 2026-05-07 sale 2026-04-05;55e3298e-733c-4a95-838b-94c0a8bc8548;Payment received from ANANYA TRIPATHI for invoice POS/26-27/70;POS/26-27/70;receipt;KEEP;KEEP;RCP/26-27/11#d55e3298e
1500;0;1500;0616f278-8878-45fb-9dd4-ea899dfeb039;0;1500;;;2026-05-30 17:08 cash vdate 2026-05-30 sale 2026-04-05;50ec8443-dcdb-4fde-8d16-9e2928d7da28;Payment received for POS sale POS/26-27/70 - ;POS/26-27/70;receipt;DUP_DOUBLE_SUBMIT;DELETE;RCP/26-27/1138
2000;0;2000;1ad6cd52-ce9c-48fd-85e0-12300ddd2a70;0;2000;;;2026-05-30 17:08 cash vdate 2026-05-30 sale 2026-04-21;2a51f673-1518-41cd-ab47-b0698d70c1fe;Payment received for POS sale POS/26-27/416 - ;POS/26-27/416;receipt;DUP_DOUBLE_SUBMIT;DELETE;RCP/26-27/1137
2000;2000;2000;1ad6cd52-ce9c-48fd-85e0-12300ddd2a70;0;2000;;;2026-04-25 21:33  vdate 2026-04-25 sale 2026-04-21;edfea962-1867-40f0-984b-e484f86a7bbf;Payment received for POS sale POS/26-27/416 - ;POS/26-27/416;receipt;KEEP;KEEP;RCP/26-27/6#dedfea962
442;0.005;442.005;1b55c8fa-22cc-4b37-8e11-c6755a8dd1fa;442;441.995;;;2026-07-23 21:14 cash vdate 2026-07-23 sale 2026-06-30;a0a23556-8bd9-4c8f-ac88-e01578e7739a;Payment received for POS sale POS/26-27/1919 - ;POS/26-27/1919;receipt;DUP_TENDER_REKEYED;DELETE;RCP/26-27/3109
1203;0;1203;1b55c8fa-22cc-4b37-8e11-c6755a8dd1fa;1203;1203;;;2026-07-23 21:14 cash vdate 2026-07-23 sale 2026-07-01;25929549-f3cf-4f39-b5fb-f81a8f18f94e;Payment received for POS sale POS/26-27/1971 - ;POS/26-27/1971;receipt;DUP_TENDER_REKEYED;DELETE;RCP/26-27/3110
7972;7972.286999999999;7972.286999999999;1ce7dbea-7da0-4c3b-b805-be5d39cb4779;0;3841.713000000001;;;2026-04-30 13:23 upi vdate 2026-04-30 sale 2026-04-11;ba320b74-7091-40d3-a6bc-48cdac195176;Payment for INV/26-27/157 | Transaction ID: 739030, UPI Date: 27/04/2026;INV/26-27/157;receipt;KEEP;KEEP;RCP/26-27/104-4
3842;0.286999999999;7972.286999999999;1ce7dbea-7da0-4c3b-b805-be5d39cb4779;0;3841.713000000001;;;2026-06-18 12:30 cash vdate 2026-06-18 sale 2026-04-11;426a041c-caf3-4c4b-8086-26c9b5a737d4;Payment for INV/26-27/157;INV/26-27/157;receipt;NON_ECHO_REDUNDANT;HOLD_NON_ECHO_REDUNDANT;RCP/26-27/1878
10500;9500;10500;1f98d2c7-28c2-417a-bdcc-0d41eccb467e;0;1000;;;2026-07-01 15:25 balance_adjustment vdate 2026-07-01 sale 2026-04-20;06a3fae3-f190-4641-87db-04ca908d64c5;phantom_cn_repair_2026 | Cr balance applied to INV/26-27/262 | MAHENOOR KAS;INV/26-27/262;receipt;BALANCE_ADJUSTMENT;HOLD_BALANCE_ADJUSTMENT;RCP/26-27/2422
1000;10500;10500;1f98d2c7-28c2-417a-bdcc-0d41eccb467e;0;1000;;;2026-04-21 20:46 cash vdate 2026-04-21 sale 2026-04-20;40694dc9-2e64-4e34-9633-f31ba1e28edd;Payment received for invoice INV/26-27/262;INV/26-27/262;receipt;KEEP;KEEP;RCP/26-27/326
3100;3050;3050;214db117-3616-4508-ac9f-3fcbb05903e1;0;50;;;2026-03-16 01:16  vdate 2026-03-15 sale 2026-03-14;8db49ead-a5ee-4f7d-8b8e-a0234a15cccc;Payment received for invoice INV/25-26/1229;INV/25-26/1229;receipt;PARTIAL;HOLD_PARTIAL;RCP/25-26/1329
5250;5250;5250;2fcbb26b-e1d5-40aa-a528-a6374cabeb43;0;5250;;;2026-07-01 21:13 upi vdate 2026-07-01 sale 2026-05-26;9a3ffbe6-8627-4a51-885a-22ef33786165;Payment received for invoice INV/26-27/1089 | Received in: ELLANOOR A/C;INV/26-27/1089;receipt;KEEP;KEEP;RCP/26-27/2442
5250;0;5250;2fcbb26b-e1d5-40aa-a528-a6374cabeb43;0;5250;;;2026-07-01 21:13 upi vdate 2026-07-01 sale 2026-05-26;791657cc-d8b9-465f-a226-604883de9f86;Payment received for invoice INV/26-27/1089 | Received in: ELLANOOR A/C;INV/26-27/1089;receipt;DUP_DOUBLE_SUBMIT;DELETE;RCP/26-27/2442#d791657cc
10000;20000;20000;3063c897-8909-40c9-808c-cdbb94344f40;0;10000;;;2026-03-07 14:57  vdate 2026-03-07 sale 2026-03-07;252adbce-fb06-41c4-a6b9-ea3c33a188ec;Payment received for invoice INV/25-26/799;INV/25-26/799;receipt;KEEP;KEEP;RCP/25-26/909
10000;10000;20000;3063c897-8909-40c9-808c-cdbb94344f40;0;10000;;;2026-03-07 14:58  vdate 2026-03-07 sale 2026-03-07;6b99ebd5-d204-4d07-9e97-a3f47d9b0efe;Payment received for invoice INV/25-26/799;INV/25-26/799;receipt;KEEP;KEEP;RCP/25-26/910
5000;0;20000;3063c897-8909-40c9-808c-cdbb94344f40;0;10000;;;2026-03-07 14:58  vdate 2026-03-07 sale 2026-03-07;f0cebadf-9080-4e86-af95-b3020d23d182;Payment received for invoice INV/25-26/799;INV/25-26/799;receipt;NON_ECHO_REDUNDANT;HOLD_NON_ECHO_REDUNDANT;RCP/25-26/911
5000;	-5000;20000;3063c897-8909-40c9-808c-cdbb94344f40;0;10000;;;2026-03-07 14:58  vdate 2026-03-07 sale 2026-03-07;70435a88-7998-4cf1-835d-34d51a0bb611;Payment received for invoice INV/25-26/799;INV/25-26/799;receipt;DUP_DOUBLE_SUBMIT;DELETE;RCP/25-26/912
1300;3200;3200;3442fa9c-0d6b-47f5-b631-4c30dc3faf46;0;1300;;;2026-02-28 20:13  vdate 2026-02-28 sale 2026-02-28;04a975ed-d962-4656-b992-580f6a158ac0;Payment received for invoice INV/25-26/443;INV/25-26/443;receipt;KEEP;KEEP;RCP/25-26/555
3200;1900;3200;3442fa9c-0d6b-47f5-b631-4c30dc3faf46;0;1300;;;2026-07-01 15:25 balance_adjustment vdate 2026-07-01 sale 2026-02-28;70488ebc-02a3-4578-a89d-125c4004b96d;phantom_cn_repair_2026 | Cr balance applied to INV/25-26/443 | Sadiqa Faisal Kha;INV/25-26/443;receipt;BALANCE_ADJUSTMENT;HOLD_BALANCE_ADJUSTMENT;RCP/26-27/2414
4500;0;4500;3c2e5760-cc73-4b81-87f8-567fcd178448;4500;4500;;;2026-05-06 21:33 cash vdate 2026-05-06 sale 2026-05-02;00d54bbb-7871-4184-8496-e897be96e0b7;Payment received for POS sale POS/26-27/513 - ;POS/26-27/513;receipt;DUP_TENDER_REKEYED;DELETE;RCP/26-27/27#d00d54bbb
2000;	-300;1200;4046e7f4-ad50-43f8-9199-603520253a00;1500;2300;;;2026-02-27 13:20  vdate 2026-02-27 sale 2026-02-24;a9555b90-ae99-41fd-abb9-bf2989890dd3;Payment received for POS sale POS/25-26/818 - ;POS/25-26/818;receipt;NON_ECHO_REDUNDANT;HOLD_NON_ECHO_REDUNDANT;RCP/25-26/529
5310;	-0.4;10309.6;52295574-5fc4-4f03-93a7-f9dd9b3932b8;10310;5310.4;;;2026-07-26 19:07 upi vdate 2026-07-26 sale 2026-05-22;57c2ba0c-f6a8-4602-905b-bc7bca0585d0;Payment received for POS sale POS/26-27/1050 - ;POS/26-27/1050;receipt;NON_ECHO_REDUNDANT;HOLD_NON_ECHO_REDUNDANT;RCP/26-27/3200
250;250;250;526460c5-f9ef-4bb7-82f5-5ca90461aeb1;0;250;;;2026-06-16 20:37 cash vdate 2026-06-16 sale 2026-06-16;2536816b-7e8b-41de-b1e9-0f5f7c58d462;Payment received for invoice INV/26-27/1621;INV/26-27/1621;receipt;KEEP;KEEP;RCP/26-27/1836
250;0;250;526460c5-f9ef-4bb7-82f5-5ca90461aeb1;0;250;;;2026-06-16 20:38 cash vdate 2026-06-16 sale 2026-06-16;66e65c3a-2057-4eec-95f5-9360275e0452;Payment received for invoice INV/26-27/1621;INV/26-27/1621;receipt;DUP_DOUBLE_SUBMIT;DELETE;RCP/26-27/1838
3702;15563;15563;5b80d18e-07f5-4833-8032-136a120eb433;0;639;;;2026-07-14 13:31 upi vdate 2026-07-14 sale 2026-01-27;50a95751-c851-4ee6-ad09-4ad449e4aa8c;Payment for INV/25-26/255 | Transaction ID: 729654, UPI Date: 07/07/2026;INV/25-26/255;receipt;KEEP;KEEP;RCP/26-27/2817-2
1000;11861;15563;5b80d18e-07f5-4833-8032-136a120eb433;0;639;;;2026-07-14 13:58 upi vdate 2026-07-14 sale 2026-01-27;5491d313-d16e-4b5f-8c7a-1b644dcc1907;Payment for INV/25-26/255 | Transaction ID: 285022, UPI Date: 10/07/2026;INV/25-26/255;receipt;KEEP;KEEP;RCP/26-27/2840
2500;10861;15563;5b80d18e-07f5-4833-8032-136a120eb433;0;639;;;2026-07-21 20:17 upi vdate 2026-07-21 sale 2026-01-27;3ab5011e-c385-44f5-a133-0bd632e8225e;Payment for INV/25-26/255 | Transaction ID: 93183, UPI Date: 19/07/2026;INV/25-26/255;receipt;KEEP;KEEP;RCP/26-27/3024
2000;8361;15563;5b80d18e-07f5-4833-8032-136a120eb433;0;639;;;2026-07-28 16:45 cash vdate 2026-07-28 sale 2026-01-27;72844b25-fe8d-48a8-ba45-c481a09b81f7;Payment for INV/25-26/255;INV/25-26/255;receipt;KEEP;KEEP;RCP/26-27/3224
2000;6361;15563;5b80d18e-07f5-4833-8032-136a120eb433;0;639;;;2026-08-12 15:25 cash vdate 2026-08-03 sale 2026-01-27;5690aff0-aeca-4b77-951f-12e01e116450;Payment for INV/25-26/255;INV/25-26/255;receipt;KEEP;KEEP;RCP/26-27/3756
5000;4361;15563;5b80d18e-07f5-4833-8032-136a120eb433;0;639;;;2026-09-09 21:08 cash vdate 2026-08-31 sale 2026-01-27;04dbe6d1-8900-4fbf-92c4-ce2c9d9a9727;Payment for INV/25-26/255;INV/25-26/255;receipt;PARTIAL;HOLD_PARTIAL;RCP/26-27/4649
150;0.0004999999999;1150.0004999999999;70a1d1cc-b534-49e2-8461-989b26fe1935;1150;149.9995000000001;;;2026-07-19 17:03 upi vdate 2026-07-19 sale 2026-07-15;63a797e7-31c9-4880-bc65-ff1c382d9595;Payment received for POS sale POS/26-27/1312 - ;POS/26-27/1312;receipt;NON_ECHO_REDUNDANT;HOLD_NON_ECHO_REDUNDANT;RCP/26-27/2983
1200;0;1700;70a1d1cc-b534-49e2-8461-989b26fe1935;1700;1200;;;2026-07-24 13:04 cash vdate 2026-07-24 sale 2026-07-21;b8cbc539-2c89-4c6d-8468-f86e65d2ffb5;Payment received for POS sale POS/26-27/1353 - ;POS/26-27/1353;receipt;NON_ECHO_REDUNDANT;HOLD_NON_ECHO_REDUNDANT;RCP/26-27/3116
5570;5570;5570;71b043b8-957c-472d-98ce-203fc4e35877;0;5570;;;2026-05-27 15:28 upi vdate 2026-05-27 sale 2026-05-27;f491f4ca-14fd-4f71-8057-e150bcefb4b0;Payment received for POS sale POS/26-27/1116 - ;POS/26-27/1116;receipt;KEEP;KEEP;RCP/26-27/1104
5570;0;5570;71b043b8-957c-472d-98ce-203fc4e35877;0;5570;;;2026-05-30 17:06 upi vdate 2026-05-30 sale 2026-05-27;02284321-f364-470e-922e-76f516de515d;Payment received for POS sale POS/26-27/1116 - ;POS/26-27/1116;receipt;DUP_DOUBLE_SUBMIT;DELETE;RCP/26-27/1133
570;0;570;71b043b8-957c-472d-98ce-203fc4e35877;0;570;;;2026-05-30 17:09 cash vdate 2026-05-30 sale 2026-04-14;bda7d2cc-f371-489b-92f2-6475a42f268d;Payment received for POS sale POS/26-27/292 - ;POS/26-27/292;receipt;DUP_DOUBLE_SUBMIT;DELETE;RCP/26-27/1141
570;570;570;71b043b8-957c-472d-98ce-203fc4e35877;0;570;;;2026-04-28 22:29  vdate 2026-04-28 sale 2026-04-14;a922b887-7770-42bf-a9a6-411995ba592f;Payment received for POS sale POS/26-27/292 - ;POS/26-27/292;receipt;KEEP;KEEP;RCP/26-27/8#da922b887
3300;0;3300;721fd1c2-29dc-486f-b543-68bfb4870ec2;0;3300;;;2026-05-30 17:10 cash vdate 2026-05-30 sale 2026-04-28;175e6639-af1c-4012-a37c-f05637f519b6;Payment received for POS sale POS/26-27/558 - ;POS/26-27/558;receipt;DUP_DOUBLE_SUBMIT;DELETE;RCP/26-27/1143
3300;3300;3300;721fd1c2-29dc-486f-b543-68bfb4870ec2;0;3300;;;2026-04-29 16:58  vdate 2026-04-29 sale 2026-04-28;fab7999b-71e3-4430-802a-59ba47850f0e;Payment received for POS sale POS/26-27/558 - ;POS/26-27/558;receipt;KEEP;KEEP;RCP/26-27/9#dfab7999b
3200;9200;9200;7383a57f-3e10-4fca-b67c-14b2fb151ec8;0;3200;;;2026-04-05 17:55  vdate 2026-02-19 sale 2026-03-05;8a5e241f-de07-4ded-b2bd-90ad0b60da71;Payment received for invoice INV/25-26/733;INV/25-26/733;receipt;KEEP;KEEP;RCP/25-26/1865
9200;6000;9200;7383a57f-3e10-4fca-b67c-14b2fb151ec8;0;3200;;;2026-07-01 15:25 balance_adjustment vdate 2026-07-01 sale 2026-03-05;da6ae2be-f3f8-42b2-a0ed-5032390f00f3;phantom_cn_repair_2026 | Cr balance applied to INV/25-26/733 | Amrin;INV/25-26/733;receipt;BALANCE_ADJUSTMENT;HOLD_BALANCE_ADJUSTMENT;RCP/26-27/2415
4200;0;8200;75d1295d-eaf0-4dd4-b884-f62c94e1ad18;8200;4200;;;2026-07-20 17:02 upi vdate 2026-07-20 sale 2026-02-07;e9ab5bff-d285-4c80-a664-fd896c2a08e5;Payment received for POS sale POS/25-26/678 - ;POS/25-26/678;receipt;NON_ECHO_REDUNDANT;HOLD_NON_ECHO_REDUNDANT;RCP/26-27/2996
1278;0;1775;7f1ca914-dd1f-4c93-8902-934513b0c1cf;1775;1278;;;2026-04-03 19:48 cash vdate 2026-04-03 sale 2026-03-30;b7c5c80d-67dc-4aa5-80a9-64eae39bc96d;Payment for POS/25-26/953;POS/25-26/953;receipt;NON_ECHO_REDUNDANT;HOLD_NON_ECHO_REDUNDANT;RCP/26-27/16-12
1205;0;1205;7fb7d5d7-755b-410b-9158-444ab8f69de6;1205;1205;;;2026-07-18 19:50 cash vdate 2026-07-18 sale 2026-05-24;d5f37066-43ee-4d84-bc74-e8051b2e072b;Payment received for POS sale POS/26-27/1047 - ;POS/26-27/1047;receipt;DUP_TENDER_REKEYED;DELETE;RCP/26-27/2965
550;3950;3950;83937541-7e14-4dbc-8d79-0a4dff814e4d;0;550;;;2026-04-08 16:30  vdate 2026-03-18 sale 2026-03-18;06f613d3-282e-4e15-986e-140b21a911ed;Payment received for invoice INV/25-26/1413;INV/25-26/1413;receipt;KEEP;KEEP;RCP/25-26/1869
3950;3400;3950;83937541-7e14-4dbc-8d79-0a4dff814e4d;0;550;;;2026-07-01 15:25 balance_adjustment vdate 2026-07-01 sale 2026-03-18;67f04158-899a-4c17-8841-11d5bd016b89;phantom_cn_repair_2026 | Cr balance applied to INV/25-26/1413 | Naeem Mukadam;INV/25-26/1413;receipt;BALANCE_ADJUSTMENT;HOLD_BALANCE_ADJUSTMENT;RCP/26-27/2413
13700;	-0.1;13699.9;8538501f-2f0b-4f69-8974-d96aaf06b682;0;13700.1;;;2026-05-30 17:04 card vdate 2026-05-30 sale 2026-05-10;528c1293-6fad-454c-99ed-cf5a718552df;Payment received for POS sale POS/26-27/808 - ;POS/26-27/808;receipt;DUP_DOUBLE_SUBMIT;DELETE;RCP/26-27/1131
13700;13699.9;13699.9;8538501f-2f0b-4f69-8974-d96aaf06b682;0;13700.1;;;2026-05-13 12:05 card vdate 2026-05-13 sale 2026-05-10;a15b3b8d-7b39-4dfc-bb39-3a95b261ac95;Payment received for POS sale POS/26-27/808 - ;POS/26-27/808;receipt;KEEP;KEEP;RCP/26-27/20#da15b3b8d
8000;7200;7200;87534d47-323f-4057-ae72-6ad52095b68b;0;1400;;;2026-01-14 19:46 cash vdate 2026-01-14 sale 2026-01-14;68912fb7-b1b7-4842-8d13-d3678d7e1bc8;Payment received for POS sale POS/25-26/405 - ;POS/25-26/405;receipt;PARTIAL;HOLD_PARTIAL;RCP/25-26/53
600;	-800;7200;87534d47-323f-4057-ae72-6ad52095b68b;0;1400;;;2026-08-01 16:54 cash vdate 2026-08-01 sale 2026-01-14;a9fa697a-288a-48d8-8f2b-04a55ceb89cd;Payment for POS/25-26/405;POS/25-26/405;receipt;NON_ECHO_REDUNDANT;HOLD_NON_ECHO_REDUNDANT;RCP/26-27/3319
2495;0.0;2249.5;9004106f-be58-4a3a-8df2-01f08ea8c569;2249.5;2495.0;;;2026-07-05 13:30 cash vdate 2026-07-05 sale 2026-06-06;39ac7623-19f7-4fe6-87bd-5aa0f7ff534f;Payment for POS/26-27/1322 | Discount: ₹245.00 (trade);POS/26-27/1322;receipt;NON_ECHO_REDUNDANT;HOLD_NON_ECHO_REDUNDANT;RCP/26-27/2510
3150;3150;3150;933ba20a-da65-4216-93fe-df46fbd24d06;0;3150;;;2026-07-14 17:17 upi vdate 2026-07-13 sale 2026-05-27;92ec38f1-17e9-48e3-8c66-7b5f61f4aa06;Payment received for invoice INV/26-27/1117 | Received in: SHEZA AMANI A/C;INV/26-27/1117;receipt;KEEP;KEEP;RCP/26-27/2858
3150;0;3150;933ba20a-da65-4216-93fe-df46fbd24d06;0;3150;;;2026-07-14 17:17 upi vdate 2026-07-13 sale 2026-05-27;ce4a35e7-e621-4565-9cf5-ec512aa5c361;Payment received for invoice INV/26-27/1117 | Received in: SHEZA AMANI A/C;INV/26-27/1117;receipt;DUP_DOUBLE_SUBMIT;DELETE;RCP/26-27/2859
4500;2700;4500;93b947b9-fb2f-435d-bc14-d11ba93895a4;0;1800;;;2026-07-01 15:25 balance_adjustment vdate 2026-07-01 sale 2026-05-01;7026d1f4-e27a-4f4a-8e8f-40ead1955245;phantom_cn_repair_2026 | Cr balance applied to INV/26-27/469 | SAMEENA MADHIYA;INV/26-27/469;receipt;BALANCE_ADJUSTMENT;HOLD_BALANCE_ADJUSTMENT;RCP/26-27/2426
1800;4500;4500;93b947b9-fb2f-435d-bc14-d11ba93895a4;0;1800;;;2026-05-04 18:16 upi vdate 2026-05-01 sale 2026-05-01;fb6cf90d-3239-453d-a715-b1943ca66ff8;Payment received for invoice INV/26-27/469;INV/26-27/469;receipt;KEEP;KEEP;RCP/26-27/558
4289;0;2705;98529989-4d61-4fd6-b685-4832fd2583ca;2705;4289;;;2026-08-26 21:37 cash vdate 2026-08-26 sale 2026-08-15;9b577c1e-347d-4962-a54f-f400230dfbcb;Payment received for POS sale POS/26-27/2358;POS/26-27/2358;receipt;NON_ECHO_REDUNDANT;HOLD_NON_ECHO_REDUNDANT;RCP/26-27/4254
8600;4400;8600;9917dc4d-7257-43bf-abf5-7492bc79b29b;0;4200;;;2026-07-01 15:25 balance_adjustment vdate 2026-07-01 sale 2026-04-26;689bca44-ad6e-44ba-a717-82b846b8fba5;phantom_cn_repair_2026 | Cr balance applied to INV/26-27/341 | OSAMA;INV/26-27/341;receipt;BALANCE_ADJUSTMENT;HOLD_BALANCE_ADJUSTMENT;RCP/26-27/2424
4200;8600;8600;9917dc4d-7257-43bf-abf5-7492bc79b29b;0;4200;;;2026-04-27 13:16 cash vdate 2026-04-27 sale 2026-04-26;a05ea71f-5735-4329-bc37-a9244023e433;Payment received for invoice INV/26-27/341;INV/26-27/341;receipt;KEEP;KEEP;RCP/26-27/413
1595;0;1595;a3815bf9-b431-4d95-934a-9857c6be4fe5;1595;1595;;;2026-05-16 16:57 cash vdate 2026-05-16 sale 2026-05-12;d2c696bc-3bda-4dd6-8b66-f6c91007489f;Payment received for POS sale POS/26-27/851 - ;POS/26-27/851;receipt;DUP_TENDER_REKEYED;DELETE;RCP/26-27/22#dd2c696bc
763;0;763;a52e9c66-0f1c-4aa2-b0d8-7d84c0987831;763;763;;;2026-07-25 21:31 cash vdate 2026-07-25 sale 2026-07-11;4a40ae23-c8c3-466f-aa35-3cfc5d4ebe7c;Payment received for POS sale POS/26-27/2250 - ;POS/26-27/2250;receipt;DUP_TENDER_REKEYED;DELETE;RCP/26-27/3186
2299;2299;2299;ae7d0c17-8d95-459e-8bc1-62135c39a0ae;0;2299;;;2026-05-01 12:30  vdate 2026-05-01 sale 2026-04-30;2ad9f600-5bc7-4ec5-8d86-d2cd592abc92;Payment received for POS sale POS/26-27/610 - ;POS/26-27/610;receipt;KEEP;KEEP;RCP/26-27/10#d2ad9f600
2299;0;2299;ae7d0c17-8d95-459e-8bc1-62135c39a0ae;0;2299;;;2026-05-30 17:07 cash vdate 2026-05-30 sale 2026-04-30;b6a73a78-daf1-4b95-86e6-828912fe2505;Payment received for POS sale POS/26-27/610 - ;POS/26-27/610;receipt;DUP_DOUBLE_SUBMIT;DELETE;RCP/26-27/1135
200;	-600;400;b7421872-14e6-493a-a01d-f65e8090a1f6;1000;800;;;2026-09-15 13:36 cash vdate 2026-09-15 sale 2026-09-13;447f38da-7e70-47a1-b17f-a4bc4322cc87;Payment for POS/26-27/1851;POS/26-27/1851;receipt;NON_ECHO_REDUNDANT;HOLD_NON_ECHO_REDUNDANT;RCP/26-27/4734
1977.00;1977;1977;c25acad2-2253-4cd0-98d4-dd2728d4d3b5;0;1977.00;;;2026-05-12 01:54 cash vdate 2026-04-19 sale 2026-04-19;fb38afb2-9606-4c41-8f06-07ebae7e9abc;Phase 4 backfill: legacy POS receipt for POS/26-27/378;POS/26-27/378;receipt;KEEP;KEEP;BCK/dcf49184/13df2d
1977;0.00;1977;c25acad2-2253-4cd0-98d4-dd2728d4d3b5;0;1977.00;;;2026-05-30 17:10 cash vdate 2026-05-30 sale 2026-04-19;e8563be4-fb32-45a4-844f-630f2e0506a9;Payment received for POS sale POS/26-27/378 - ;POS/26-27/378;receipt;DUP_DOUBLE_SUBMIT;DELETE;RCP/26-27/1142
250;0;2250;cbf33d65-e373-4be0-9f96-c3160f01a0f5;2250;250;;;2026-08-12 20:05 cash vdate 2026-08-12 sale 2026-08-09;f37d8eee-912e-4a32-a82c-b2fa2cf6d036;Payment received for POS sale POS/26-27/1445 - ;POS/26-27/1445;receipt;NON_ECHO_REDUNDANT;HOLD_NON_ECHO_REDUNDANT;RCP/26-27/3775
882;12252;12252;daf3a60f-ef50-4d9a-822a-621d613a99a9;0;3000;;;2026-06-17 21:08 cash vdate 2026-06-09 sale 2026-03-20;62d70095-1b0e-4f3e-b322-22f14584dccf;Payment for INV/25-26/779;INV/25-26/779;receipt;KEEP;KEEP;RCP/26-27/1870-2
5000;11370;12252;daf3a60f-ef50-4d9a-822a-621d613a99a9;0;3000;;;2026-08-04 20:17 cash vdate 2026-07-28 sale 2026-03-20;c9a227ff-f6f7-40f1-ad68-f2c0401b5ad4;Payment for INV/25-26/779;INV/25-26/779;receipt;KEEP;KEEP;RCP/26-27/3458
3000;6370;12252;daf3a60f-ef50-4d9a-822a-621d613a99a9;0;3000;;;2026-08-12 15:31 cash vdate 2026-08-09 sale 2026-03-20;afbeb352-de3f-4fa0-b537-1882eb12096b;Payment for INV/25-26/779;INV/25-26/779;receipt;KEEP;KEEP;RCP/26-27/3758
3000;3370;12252;daf3a60f-ef50-4d9a-822a-621d613a99a9;0;3000;;;2026-08-18 13:25 cash vdate 2026-08-10 sale 2026-03-20;2ea2d197-3592-4b78-ad35-d430196c63f9;Payment for INV/25-26/779;INV/25-26/779;receipt;KEEP;KEEP;RCP/26-27/3938
3370;370;12252;daf3a60f-ef50-4d9a-822a-621d613a99a9;0;3000;;;2026-09-03 18:17 cash vdate 2026-08-20 sale 2026-03-20;6fd5f673-9cca-44a4-9177-ba4a0ad501fd;Payment for INV/25-26/779;INV/25-26/779;receipt;PARTIAL;HOLD_PARTIAL;RCP/26-27/4477-1
6290;0;6290;dde74df8-fe5d-48c8-a010-d33f290b98bc;6290;6290;;;2026-07-31 13:05 cash vdate 2026-07-31 sale 2026-06-16;7d3c1396-dec4-4566-a928-607bd2366089;Payment received for POS sale POS/26-27/1488 - ;POS/26-27/1488;receipt;DUP_TENDER_REKEYED;DELETE;RCP/26-27/3263
2547;0;2547;dde74df8-fe5d-48c8-a010-d33f290b98bc;2547;2547;;;2026-07-31 13:06 cash vdate 2026-07-31 sale 2026-06-22;cf2dcf25-9d41-4e88-a563-68f8096cdc8b;Payment received for POS sale POS/26-27/1594 - ;POS/26-27/1594;receipt;DUP_TENDER_REKEYED;DELETE;RCP/26-27/3264
849;0;849;dde74df8-fe5d-48c8-a010-d33f290b98bc;849;849;;;2026-07-31 13:06 cash vdate 2026-07-31 sale 2026-07-01;2f56202a-0f97-4752-a244-798fe665ffd5;Payment received for POS sale POS/26-27/1714 - ;POS/26-27/1714;receipt;DUP_TENDER_REKEYED;DELETE;RCP/26-27/3265
2770;2770;2770;dde74df8-fe5d-48c8-a010-d33f290b98bc;0;2770;;;2026-05-28 17:49 cash vdate 2026-05-28 sale 2026-05-12;745f3a10-ae69-4e8e-9dc2-2d7941ec0e52;Payment received for POS sale POS/26-27/853 - ;POS/26-27/853;receipt;KEEP;KEEP;RCP/26-27/1124
2770;0;2770;dde74df8-fe5d-48c8-a010-d33f290b98bc;0;2770;;;2026-05-30 17:05 cash vdate 2026-05-30 sale 2026-05-12;654c5eb3-5411-4c9b-a670-7f866eefe428;Payment received for POS sale POS/26-27/853 - ;POS/26-27/853;receipt;DUP_DOUBLE_SUBMIT;DELETE;RCP/26-27/1132
1000;1000;5000;e90adfd4-0958-420f-b877-0aea636a7d4f;4000;4000;;;2026-04-13 20:05  vdate 2026-04-13 sale 2026-04-13;e671e936-96d2-4078-87cf-b151b551b30d;Payment received for POS sale POS/26-27/270 - ;POS/26-27/270;receipt;SAME_DAY_DUAL_WRITE;KEEP;RCP/26-27/3#de671e936
4000;0;5000;e90adfd4-0958-420f-b877-0aea636a7d4f;4000;4000;;;2026-04-14 17:13  vdate 2026-04-14 sale 2026-04-13;5eeb20ff-2357-4eaa-a814-f24b7c65d8cd;Payment received for POS sale POS/26-27/270 - ;POS/26-27/270;receipt;DUP_TENDER_REKEYED;DELETE;RCP/26-27/4#d5eeb20ff
8400;0;10400;eed049ad-25b0-4380-92d4-316219cd8282;10400;8400;;;2026-07-21 21:41 card vdate 2026-07-21 sale 2026-07-18;c7335106-017a-43e6-9a97-6f027c2adf6b;Payment received for POS sale POS/26-27/1947 - ;POS/26-27/1947;receipt;NON_ECHO_REDUNDANT;HOLD_NON_ECHO_REDUNDANT;RCP/26-27/3032
1890;5656.7;5656.7;fc05b0af-62b9-4519-b8c0-d90ff74d2307;0;363.3;;;2026-07-08 12:48 cash vdate 2026-07-03 sale 2026-04-15;7c0ef567-75da-4409-bb02-9bb23bb4d704;Payment for INV/26-27/187;INV/26-27/187;receipt;KEEP;KEEP;RCP/26-27/2640-2
4130;3766.7;5656.7;fc05b0af-62b9-4519-b8c0-d90ff74d2307;0;363.3;;;2026-07-08 12:56 upi vdate 2026-07-08 sale 2026-04-15;1a91fa64-b012-47a4-bd26-7e735a6d891e;Payment for INV/26-27/187 | Transaction ID: 655028143558, UPI Date: 03/07/2026;INV/26-27/187;receipt;PARTIAL;HOLD_PARTIAL;RCP/26-27/2641-1
24850;24850;24850;fd857b39-a7bd-4bef-9639-a5524c7d4cbf;0;24850;;;2026-03-07 22:13  vdate 2026-03-07 sale 2026-03-07;5c37ba4f-da41-4fd1-abd0-a8dda11ac241;Payment received for invoice INV/25-26/821;INV/25-26/821;receipt;KEEP;KEEP;RCP/25-26/936
24850;0;24850;fd857b39-a7bd-4bef-9639-a5524c7d4cbf;0;24850;;;2026-03-07 22:28  vdate 2026-03-07 sale 2026-03-07;9a59ec53-932b-4fc9-8ffe-9894ae5dc6dd;Payment received for invoice INV/25-26/821;INV/25-26/821;receipt;DUP_DOUBLE_SUBMIT;DELETE;RCP/25-26/937
2800;	-0.00009999;3299.99990001;ffe63ae6-51bf-43bf-8bd5-7a17c7f7075c;3300;2800.00009999;;;2026-08-14 19:37 card vdate 2026-08-14 sale 2026-08-03;8fc62f02-6c1d-456c-8f99-fdefa917492b;Payment received for POS sale POS/26-27/1411 - ;POS/26-27/1411;receipt;NON_ECHO_REDUNDANT;HOLD_NON_ECHO_REDUNDANT;RCP/26-27/3832