customer_id;customer_repair_bills;gate;over_credit_greatest;over_credit_ledger;paid_amount;receipt_over;receipts_after;receipts_live;receipts_same_day;sale_number;section;shape;sibling_snap_bills;sibling_snap_drop;snap_drop_self;tender;tender_residual
07e95598-84b7-4e94-bb55-6ec0a961becd;1;NEEDS_BUCKET_G;0;3000;6500.00;0;3500;6500;0;POS/25-26/134;bill;MIXED_TENDER_PLUS_RECEIPT_OVER;0;0;3000;3000;3000
0e55c65b-151d-4192-9201-99ce4033d1d1;1;NEEDS_BUCKET_G;0;200;1200;	-1000;0;200;0;POS/26-27/1363;bill;RECEIPT_DUPLICATES_AT_SALE_TENDER;2;1200;0;1200;1200
1b55c8fa-22cc-4b37-8e11-c6755a8dd1fa;2;NEEDS_BUCKET_G;0;441.995;442;	-0.005;0.005;442;0;POS/26-27/1919;bill;RECEIPT_DUPLICATES_AT_SALE_TENDER;0;0.000;0.005;442;442
1b55c8fa-22cc-4b37-8e11-c6755a8dd1fa;2;NEEDS_BUCKET_G;0;1203;1203;0;0;1203;0;POS/26-27/1971;bill;RECEIPT_DUPLICATES_AT_SALE_TENDER;1;0.005;0;1203;1203
20579620-75f2-4c1c-8798-90dfc162ce0f;1;NEEDS_BUCKET_G;2390;2390;4475;	-2085;0;0;0;POS/26-27/1729;bill;TENDER_ONLY_OVER;1;2324;0;4475;4475
22e086fa-29f8-48a6-a66c-b7f5d3ad370f;2;NEEDS_BUCKET_G;600;2300;1700;600;0;2300;0;POS/26-27/1752;bill;RECEIPT_DUPLICATES_AT_SALE_TENDER;1;700.0002;0;1700;1700
22e086fa-29f8-48a6-a66c-b7f5d3ad370f;2;NEEDS_BUCKET_G;0;499.9998;1200;	-700.0002;700.0002;1200;0;POS/26-27/1753;bill;MIXED_TENDER_PLUS_RECEIPT_OVER;0;0.0000;700.0002;1200;1200
32d34671-e02d-438e-8b21-dac59eca0822;2;NEEDS_BUCKET_G;0;250;9850;	-5850;3750;4000;0;POS/25-26/1214;bill;MIXED_TENDER_PLUS_RECEIPT_OVER;0;0;3750;6100;6100
32d34671-e02d-438e-8b21-dac59eca0822;2;NEEDS_BUCKET_G;600;600;900;600;300;900;0;POS/25-26/739;bill;RECEIPT_OVER_PARTIAL;1;3750;0;0;0
3a4ef881-e561-4c0e-9764-1c8e903fe109;1;NEEDS_BUCKET_G;2100;3100;3100.00;2100;2100;5200;0;POS/25-26/875;bill;RECEIPT_OVER_PARTIAL;1;500;1000;1000;1000
54572eba-f362-4bf4-8bff-f51b4dfdd9e2;2;NEEDS_BUCKET_G;200;200;200;0;0;0;0;POS/26-27/1023;bill;TENDER_ONLY_OVER;1;2500;0;200;200
54572eba-f362-4bf4-8bff-f51b4dfdd9e2;2;NEEDS_BUCKET_G;2500;5000;7500;2500;5000;10000;0;POS/26-27/1126;bill;RECEIPT_OVER_PARTIAL;0;0;2500;2500;2500
5d17dd09-5cde-4876-87c6-dc8e47f15b23;6;NEEDS_BUCKET_G;0;2750.0;2750.1;	-0.1;0;2750;0;POS/26-27/1326;bill;RECEIPT_DUPLICATES_AT_SALE_TENDER;2;1200;0;2750.1;2750.1
5d17dd09-5cde-4876-87c6-dc8e47f15b23;6;NEEDS_BUCKET_G;3000;3000;3000;3000;3000;6000;0;POS/26-27/1361;bill;EXACT_DOUBLE_RECEIPT;2;1200;0;0;0
5d17dd09-5cde-4876-87c6-dc8e47f15b23;6;NEEDS_BUCKET_G;0;6325;6325;0;0;6325;0;POS/26-27/1579;bill;RECEIPT_DUPLICATES_AT_SALE_TENDER;2;1200;0;6325;6325
5d17dd09-5cde-4876-87c6-dc8e47f15b23;6;NEEDS_BUCKET_G;0;4000;4000;0;0;4000;0;POS/26-27/2023;bill;RECEIPT_DUPLICATES_AT_SALE_TENDER;2;1200;0;4000;4000
5d17dd09-5cde-4876-87c6-dc8e47f15b23;6;NEEDS_BUCKET_G;6035;7035;9185;6035;8185;15220;0;POS/26-27/771;bill;RECEIPT_OVER_PARTIAL;1;200;1000;1000;1000
5d17dd09-5cde-4876-87c6-dc8e47f15b23;6;NEEDS_BUCKET_G;0;7000;7000;0;0;7000;0;POS/26-27/849;bill;RECEIPT_DUPLICATES_AT_SALE_TENDER;2;1200;0;7000;7000
70a1d1cc-b534-49e2-8461-989b26fe1935;2;NEEDS_BUCKET_G;0;149.9995000000001;1150;	-1000.0004999999999;0.0004999999999;150;0;POS/26-27/1312;bill;RECEIPT_DUPLICATES_AT_SALE_TENDER;0;0.0000000000000;0.0004999999999;1150;1150
70a1d1cc-b534-49e2-8461-989b26fe1935;2;NEEDS_BUCKET_G;0;1200;1700;	-500;0;1200;0;POS/26-27/1353;bill;RECEIPT_DUPLICATES_AT_SALE_TENDER;1;0.0004999999999;0;1700;1700
823962af-2422-49ff-b907-36bd2fb568fe;1;NEEDS_BUCKET_G;0;1000;2800.00;0;1800;2800;0;POS/25-26/714;bill;MIXED_TENDER_PLUS_RECEIPT_OVER;1;1500;1000;1000;1000
9c324a1a-6a06-41e4-b51a-9b3e1f6219fc;1;NEEDS_BUCKET_G;0.0007;1000.0007;1399.9993;0.0007;399.9993;1400;0;POS/26-27/1768;bill;MIXED_TENDER_PLUS_RECEIPT_OVER;0;0.0000;399.9993;1000;1000
a6aad82f-0e2f-41fd-b60d-b109600be6e0;1;NEEDS_BUCKET_G;0;1000;2394;0;1394;2394;0;POS/26-27/1297;bill;MIXED_TENDER_PLUS_RECEIPT_OVER;0;0;1000;1000;1000
b9bd7c57-36e6-458c-8867-fb88d4bf4001;3;NEEDS_BUCKET_G;0;4100;4100;0;0;4100;0;POS/25-26/667;bill;RECEIPT_DUPLICATES_AT_SALE_TENDER;5;5250.0008;0;4100;4100
b9bd7c57-36e6-458c-8867-fb88d4bf4001;3;NEEDS_BUCKET_G;1199.9992;1949.9992;2950;1199.9992;250.0008;2200;0;POS/26-27/1522;bill;RECEIPT_OVER_PARTIAL;4;5000.0000;250.0008;750;750
b9bd7c57-36e6-458c-8867-fb88d4bf4001;3;NEEDS_BUCKET_G;0;500;900.00;0;400;900;0;POS/26-27/718;bill;MIXED_TENDER_PLUS_RECEIPT_OVER;4;4850.0008;400;500;500
bc266355-68d6-424b-b71c-855aad2395c4;3;NEEDS_BUCKET_G;0;1500;3000;	-1500;1500;3000;0;POS/26-27/454;bill;MIXED_TENDER_PLUS_RECEIPT_OVER;0;0;1500;3000;3000
bc266355-68d6-424b-b71c-855aad2395c4;3;NEEDS_BUCKET_G;1599.00;1599.00;0;1599.00;0;1599.00;1599.00;POS/26-27/459;bill;NET_DUE_ZERO;1;1500;0;0;0
bc266355-68d6-424b-b71c-855aad2395c4;3;NEEDS_BUCKET_G;1599.00;1599.00;0;1599.00;0;1599.00;1599.00;POS/26-27/478;bill;NET_DUE_ZERO;1;1500;0;0;0
c085667a-c7ba-4a9f-b842-cead6f56310a;1;NEEDS_BUCKET_G;0.0004;400.0004;3000;0.0004;2599.9996;3000;0;POS/26-27/765;bill;MIXED_TENDER_PLUS_RECEIPT_OVER;0;0;400;400;400
c6633e62-9c59-4c9d-bf64-d879faf9f264;1;NEEDS_BUCKET_G;0;3000;17800.00;0;14800;17800;0;POS/26-27/185;bill;MIXED_TENDER_PLUS_RECEIPT_OVER;0;0;3000;3000;3000
ff3547a1-d241-4fff-8465-665ee86707bb;1;NEEDS_BUCKET_G;9000;10000;11000.00;9000;10000;20000;0;POS/25-26/123;bill;RECEIPT_OVER_PARTIAL;0;0;1000;1000;1000
02d461c8-bcf3-4303-8534-158f409eff3f;1;REPAIR_SUFFICIENT_SNAP;300;4300;4000;300;0;4300;0;POS/25-26/820;bill;RECEIPT_DUPLICATES_AT_SALE_TENDER;0;0;0;4000;4000
0616f278-8878-45fb-9dd4-ea899dfeb039;5;REPAIR_SUFFICIENT_SNAP;0;7584;12584;	-5000;0;7584;0;POS/26-27/1787;bill;RECEIPT_DUPLICATES_AT_SALE_TENDER;0;0;0;12584;12584
0616f278-8878-45fb-9dd4-ea899dfeb039;5;REPAIR_SUFFICIENT_SNAP;2745;2745;2745.00;2745;2745;5490;0;POS/26-27/221;bill;EXACT_DOUBLE_RECEIPT;0;0;0;0;0
0616f278-8878-45fb-9dd4-ea899dfeb039;5;REPAIR_SUFFICIENT_SNAP;3149;3149;3149.00;3149;3149;6298;0;POS/26-27/536;bill;EXACT_DOUBLE_RECEIPT;0;0;0;0;0
0616f278-8878-45fb-9dd4-ea899dfeb039;5;REPAIR_SUFFICIENT_SNAP;3900;3900;3900.00;3900;3900;7800;0;POS/26-27/580;bill;EXACT_DOUBLE_RECEIPT;0;0;0;0;0
0616f278-8878-45fb-9dd4-ea899dfeb039;5;REPAIR_SUFFICIENT_SNAP;1500;1500;1500.00;1500;1500;3000;0;POS/26-27/70;bill;EXACT_DOUBLE_RECEIPT;0;0;0;0;0
1934e513-a1cf-4f56-9032-8cdff11eacda;1;REPAIR_SUFFICIENT_SNAP;1550;1550;4800;	-3250;0;0;0;POS/26-27/483;bill;TENDER_ONLY_OVER;0;0;0;4800;4800
1ad6cd52-ce9c-48fd-85e0-12300ddd2a70;1;REPAIR_SUFFICIENT_SNAP;2000;2000;2000.00;2000;2000;4000;0;POS/26-27/416;bill;EXACT_DOUBLE_RECEIPT;0;0;0;0;0
1c0febc4-3205-4c24-90a2-e17fae6f8aec;1;REPAIR_SUFFICIENT_SNAP;1005;1005;1005;0;0;0;0;POS/26-27/308;bill;TENDER_ONLY_OVER;0;0;0;1005;1005
1ce7dbea-7da0-4c3b-b805-be5d39cb4779;1;REPAIR_SUFFICIENT_SNAP;3841.713000000001;3841.713000000001;7972;3841.713000000001;7972.286999999999;11814;0;INV/26-27/157;bill;RECEIPT_OVER_PARTIAL;0;0;0;0;0
1f98d2c7-28c2-417a-bdcc-0d41eccb467e;1;REPAIR_SUFFICIENT_SNAP;1000;1000;11500;1000;10500;11500;0;INV/26-27/262;bill;RECEIPT_OVER_PARTIAL;0;0;0;0;0
2035a643-eaf4-4ac3-86d9-af901c69e968;1;REPAIR_SUFFICIENT_SNAP;1349.9981000000007;1349.9981000000007;3650;	-2300.0018999999993;0;0;0;POS/26-27/1601;bill;TENDER_ONLY_OVER;0;0;0;3650;3650
21103e57-b6bc-46b1-a9fe-6fc5d8731207;1;REPAIR_SUFFICIENT_SNAP;415;415;1565;0;0;0;0;POS/26-27/2261;bill;TENDER_ONLY_OVER;0;0;0;415;415
214db117-3616-4508-ac9f-3fcbb05903e1;1;REPAIR_SUFFICIENT_SNAP;50;50;3100;50;3050;3100;0;INV/25-26/1229;bill;RECEIPT_OVER_PARTIAL;0;0;0;0;0
2bc8adb1-9f63-464d-9b63-e9184b9427aa;1;REPAIR_SUFFICIENT_SNAP;300;300;300;0;0;0;0;POS/26-27/1076;bill;TENDER_ONLY_OVER;0;0;0;300;300
2fcbb26b-e1d5-40aa-a528-a6374cabeb43;1;REPAIR_SUFFICIENT_SNAP;5250;5250;5250;5250;5250;10500;0;INV/26-27/1089;bill;EXACT_DOUBLE_RECEIPT;0;0;0;0;0
30615061-3f6f-4433-99f6-cd8a93d8276f;1;REPAIR_SUFFICIENT_SNAP;1500;1600;1600;100;0;100;0;POS/26-27/686;bill;NET_DUE_ZERO;0;0;0;1500;1500
3063c897-8909-40c9-808c-cdbb94344f40;1;REPAIR_SUFFICIENT_SNAP;10000;10000;20000;10000;20000;30000;30000;INV/25-26/799;bill;RECEIPT_OVER_PARTIAL;0;0;0;0;0
30d72f5a-27b0-43e5-a651-e7b8b8d913f1;1;REPAIR_SUFFICIENT_SNAP;200;200;200;200;0;200;0;POS/26-27/1002;bill;NET_DUE_ZERO;0;0;0;0;0
3442fa9c-0d6b-47f5-b631-4c30dc3faf46;1;REPAIR_SUFFICIENT_SNAP;1300;1300;4500;1300;3200;4500;1300;INV/25-26/443;bill;RECEIPT_OVER_PARTIAL;0;0;0;0;0
3453e4b4-8ef0-4501-8add-4dd1a35def5b;1;REPAIR_SUFFICIENT_SNAP;800;800;800;0;0;0;0;POS/26-27/627;bill;TENDER_ONLY_OVER;0;0;0;800;800
3c2e5760-cc73-4b81-87f8-567fcd178448;1;REPAIR_SUFFICIENT_SNAP;0;4500;4500;0;0;4500;0;POS/26-27/513;bill;RECEIPT_DUPLICATES_AT_SALE_TENDER;0;0;0;4500;4500
4046e7f4-ad50-43f8-9199-603520253a00;2;REPAIR_SUFFICIENT_SNAP;800;2300;1500;800;0;2000;0;POS/25-26/818;bill;RECEIPT_DUPLICATES_AT_SALE_TENDER;0;0;0;1500;1500
4046e7f4-ad50-43f8-9199-603520253a00;2;REPAIR_SUFFICIENT_SNAP;600;600;600;0;0;0;0;POS/26-27/1773;bill;TENDER_ONLY_OVER;0;0;0;600;600
4ae59409-3fc8-413b-b0e4-2e3664641653;1;REPAIR_SUFFICIENT_SNAP;349;349;349;0;0;0;0;POS/26-27/1781;bill;TENDER_ONLY_OVER;0;0;0;349;349
51aa2720-b144-466d-a233-ff0340dd7de8;1;REPAIR_SUFFICIENT_SNAP;455;455;455;0;0;0;0;POS/26-27/400;bill;TENDER_ONLY_OVER;0;0;0;455;455
52295574-5fc4-4f03-93a7-f9dd9b3932b8;1;REPAIR_SUFFICIENT_SNAP;0.4;5310.4;10310;	-4999.6;0;5310;0;POS/26-27/1050;bill;RECEIPT_DUPLICATES_AT_SALE_TENDER;0;0;0;10310;10310
526460c5-f9ef-4bb7-82f5-5ca90461aeb1;1;REPAIR_SUFFICIENT_SNAP;250;250;250;250;250;500;500;INV/26-27/1621;bill;EXACT_DOUBLE_RECEIPT;0;0;0;0;0
5b80d18e-07f5-4833-8032-136a120eb433;1;REPAIR_SUFFICIENT_SNAP;639;639;15563;639;15563;16202;0;INV/25-26/255;bill;RECEIPT_OVER_PARTIAL;0;0;0;0;0
672235d8-8aa6-43e4-8678-f15cc87748f5;1;REPAIR_SUFFICIENT_SNAP;3749;3749;14000;	-10251;0;0;0;POS/26-27/2568;bill;TENDER_ONLY_OVER;0;0;0;14000;14000
673053a2-daed-42fb-a4ae-e07cfddb7926;1;REPAIR_SUFFICIENT_SNAP;311;311;311;0;0;0;0;POS/26-27/2512;bill;TENDER_ONLY_OVER;0;0;0;311;311
6cb1c580-35fa-4d50-b592-025f36ab12b6;2;REPAIR_SUFFICIENT_SNAP;3999;3999;6300;	-2301;0;0;0;POS/26-27/1970;bill;TENDER_ONLY_OVER;0;0;0;6300;6300
6cb1c580-35fa-4d50-b592-025f36ab12b6;2;REPAIR_SUFFICIENT_SNAP;4200;4200;4200;0;0;0;0;POS/26-27/569;bill;TENDER_ONLY_OVER;0;0;0;4200;4200
71b043b8-957c-472d-98ce-203fc4e35877;2;REPAIR_SUFFICIENT_SNAP;5570;5570;5570.00;5570;5570;11140;5570;POS/26-27/1116;bill;EXACT_DOUBLE_RECEIPT;0;0;0;0;0
71b043b8-957c-472d-98ce-203fc4e35877;2;REPAIR_SUFFICIENT_SNAP;570;570;570.00;570;570;1140;0;POS/26-27/292;bill;EXACT_DOUBLE_RECEIPT;0;0;0;0;0
721fd1c2-29dc-486f-b543-68bfb4870ec2;1;REPAIR_SUFFICIENT_SNAP;3300;3300;3300.00;3300;3300;6600;0;POS/26-27/558;bill;EXACT_DOUBLE_RECEIPT;0;0;0;0;0
7383a57f-3e10-4fca-b67c-14b2fb151ec8;1;REPAIR_SUFFICIENT_SNAP;3200;3200;12400;3200;9200;12400;0;INV/25-26/733;bill;RECEIPT_OVER_PARTIAL;0;0;0;0;0
74144686-b986-45c9-8377-194bfacf6269;1;REPAIR_SUFFICIENT_SNAP;1299;1299;3891;	-2592;0;0;0;POS/26-27/672;bill;TENDER_ONLY_OVER;0;0;0;3891;3891
75d1295d-eaf0-4dd4-b884-f62c94e1ad18;1;REPAIR_SUFFICIENT_SNAP;0;4200;8200;	-4000;0;4200;0;POS/25-26/678;bill;RECEIPT_DUPLICATES_AT_SALE_TENDER;0;0;0;8200;8200
7f1ca914-dd1f-4c93-8902-934513b0c1cf;1;REPAIR_SUFFICIENT_SNAP;0;1278;1775;	-497;0;1278;0;POS/25-26/953;bill;RECEIPT_DUPLICATES_AT_SALE_TENDER;0;0;0;1775;1775
7fb7d5d7-755b-410b-9158-444ab8f69de6;1;REPAIR_SUFFICIENT_SNAP;0;1205;1205;0;0;1205;0;POS/26-27/1047;bill;RECEIPT_DUPLICATES_AT_SALE_TENDER;0;0;0;1205;1205
83937541-7e14-4dbc-8d79-0a4dff814e4d;1;REPAIR_SUFFICIENT_SNAP;550;550;4500;550;3950;4500;550;INV/25-26/1413;bill;RECEIPT_OVER_PARTIAL;0;0;0;0;0
8538501f-2f0b-4f69-8974-d96aaf06b682;1;REPAIR_SUFFICIENT_SNAP;13700.1;13700.1;13699.90;13700.1;13699.9;27400;0;POS/26-27/808;bill;EXACT_DOUBLE_RECEIPT;0;0;0;0;0
87534d47-323f-4057-ae72-6ad52095b68b;1;REPAIR_SUFFICIENT_SNAP;1400;1400;8600;1400;7200;8600;8000;POS/25-26/405;bill;RECEIPT_OVER_PARTIAL;0;0;0;0;0
9004106f-be58-4a3a-8df2-01f08ea8c569;1;REPAIR_SUFFICIENT_SNAP;245.5;2495.0;2249.5;245.5;0;2495;0;POS/26-27/1322;bill;RECEIPT_DUPLICATES_AT_SALE_TENDER;0;0;0;2249.5;2249.5
933ba20a-da65-4216-93fe-df46fbd24d06;1;REPAIR_SUFFICIENT_SNAP;3150;3150;3150;3150;3150;6300;0;INV/26-27/1117;bill;EXACT_DOUBLE_RECEIPT;0;0;0;0;0
93b947b9-fb2f-435d-bc14-d11ba93895a4;1;REPAIR_SUFFICIENT_SNAP;1800;1800;6300;1800;4500;6300;1800;INV/26-27/469;bill;RECEIPT_OVER_PARTIAL;0;0;0;0;0
95215fda-9b99-41a1-a474-c3366f5f1377;1;REPAIR_SUFFICIENT_SNAP;3180;3180;7000;	-3820;0;0;0;POS/26-27/1879;bill;TENDER_ONLY_OVER;0;0;0;7000;7000
98529989-4d61-4fd6-b685-4832fd2583ca;1;REPAIR_SUFFICIENT_SNAP;1584;4289;2705;1584;0;4289;0;POS/26-27/2358;bill;RECEIPT_DUPLICATES_AT_SALE_TENDER;0;0;0;2705;2705
9917dc4d-7257-43bf-abf5-7492bc79b29b;1;REPAIR_SUFFICIENT_SNAP;4200;4200;12800;4200;8600;12800;0;INV/26-27/341;bill;RECEIPT_OVER_PARTIAL;0;0;0;0;0
99d72bad-ecd3-4d29-a6e3-d9adea52faa4;1;REPAIR_SUFFICIENT_SNAP;899;899;899;0;0;0;0;POS/26-27/1839;bill;TENDER_ONLY_OVER;0;0;0;899;899
9cacb0b3-1d66-47ed-a57d-79b00f24a614;1;REPAIR_SUFFICIENT_SNAP;2385;2385;5260;	-2875;0;0;0;POS/26-27/1878;bill;TENDER_ONLY_OVER;0;0;0;5260;5260
a3815bf9-b431-4d95-934a-9857c6be4fe5;1;REPAIR_SUFFICIENT_SNAP;0;1595;1595;0;0;1595;0;POS/26-27/851;bill;RECEIPT_DUPLICATES_AT_SALE_TENDER;0;0;0;1595;1595
a52e9c66-0f1c-4aa2-b0d8-7d84c0987831;1;REPAIR_SUFFICIENT_SNAP;0;763;763;0;0;763;0;POS/26-27/2250;bill;RECEIPT_DUPLICATES_AT_SALE_TENDER;0;0;0;763;763
ae7d0c17-8d95-459e-8bc1-62135c39a0ae;2;REPAIR_SUFFICIENT_SNAP;2299;2299;2299.00;2299;2299;4598;0;POS/26-27/610;bill;EXACT_DOUBLE_RECEIPT;0;0;0;0;0
ae7d0c17-8d95-459e-8bc1-62135c39a0ae;2;REPAIR_SUFFICIENT_SNAP;1795;1795;3298;	-1503;0;0;0;POS/26-27/774;bill;TENDER_ONLY_OVER;0;0;0;3298;3298
b7421872-14e6-493a-a01d-f65e8090a1f6;1;REPAIR_SUFFICIENT_SNAP;600;800;200;	-200;0;200;0;POS/26-27/1851;bill;RECEIPT_DUPLICATES_AT_SALE_TENDER;0;0;0;1000;1000
ba0a0943-aa92-4175-930d-5cd0860c42f7;1;REPAIR_SUFFICIENT_SNAP;1395;1395;3024;	-1629;0;0;0;POS/26-27/2066;bill;TENDER_ONLY_OVER;0;0;0;3024;3024
beb3997f-089a-475b-844c-db90e8a805d9;1;REPAIR_SUFFICIENT_SNAP;849;849;849;0;0;0;0;POS/26-27/2283;bill;TENDER_ONLY_OVER;0;0;0;849;849
c149678e-d25a-4580-b4b4-376715e3b357;1;REPAIR_SUFFICIENT_SNAP;3100;3100;11000;	-7900;0;0;0;POS/26-27/1966;bill;TENDER_ONLY_OVER;0;0;0;11000;11000
c25acad2-2253-4cd0-98d4-dd2728d4d3b5;1;REPAIR_SUFFICIENT_SNAP;1977.00;1977.00;1977.00;1977.00;1977.00;3954.00;1977.00;POS/26-27/378;bill;EXACT_DOUBLE_RECEIPT;0;0;0;0;0
c2c3d54b-18cc-40fb-9363-73425b65fd97;1;REPAIR_SUFFICIENT_SNAP;3290;3290;3900;	-610;0;0;0;POS/26-27/1081;bill;TENDER_ONLY_OVER;0;0;0;3900;3900
c4fb0775-5389-4ff7-9f4d-f66637a19e44;1;REPAIR_SUFFICIENT_SNAP;300;300;300;0;0;0;0;POS/26-27/696;bill;TENDER_ONLY_OVER;0;0;0;300;300
cbf33d65-e373-4be0-9f96-c3160f01a0f5;1;REPAIR_SUFFICIENT_SNAP;0;250;2250;	-2000;0;250;0;POS/26-27/1445;bill;RECEIPT_DUPLICATES_AT_SALE_TENDER;0;0;0;2250;2250
cf08f992-b07a-4177-8efd-d2b9e5214138;2;REPAIR_SUFFICIENT_SNAP;100;100;100;0;0;0;0;POS/26-27/631;bill;TENDER_ONLY_OVER;0;0;0;100;100
cf08f992-b07a-4177-8efd-d2b9e5214138;2;REPAIR_SUFFICIENT_SNAP;805;805;805;0;0;0;0;POS/26-27/754;bill;TENDER_ONLY_OVER;0;0;0;805;805
daf3a60f-ef50-4d9a-822a-621d613a99a9;1;REPAIR_SUFFICIENT_SNAP;3000;3000;12252;3000;12252;15252;0;INV/25-26/779;bill;RECEIPT_OVER_PARTIAL;0;0;0;0;0
ddbcf6c5-9709-4998-89f3-46e6a8fb574d;1;REPAIR_SUFFICIENT_SNAP;1000;1000;1000;0;0;0;0;POS/26-27/64;bill;TENDER_ONLY_OVER;0;0;0;1000;1000
dde74df8-fe5d-48c8-a010-d33f290b98bc;4;REPAIR_SUFFICIENT_SNAP;0;6290;6290;0;0;6290;0;POS/26-27/1488;bill;RECEIPT_DUPLICATES_AT_SALE_TENDER;0;0;0;6290;6290
dde74df8-fe5d-48c8-a010-d33f290b98bc;4;REPAIR_SUFFICIENT_SNAP;0;2547;2547;0;0;2547;0;POS/26-27/1594;bill;RECEIPT_DUPLICATES_AT_SALE_TENDER;0;0;0;2547;2547
dde74df8-fe5d-48c8-a010-d33f290b98bc;4;REPAIR_SUFFICIENT_SNAP;0;849;849;0;0;849;0;POS/26-27/1714;bill;RECEIPT_DUPLICATES_AT_SALE_TENDER;0;0;0;849;849
dde74df8-fe5d-48c8-a010-d33f290b98bc;4;REPAIR_SUFFICIENT_SNAP;2770;2770;2770.00;2770;2770;5540;0;POS/26-27/853;bill;EXACT_DOUBLE_RECEIPT;0;0;0;0;0
e3ebf0ab-d3c4-4249-bd48-118eb053c7b8;2;REPAIR_SUFFICIENT_SNAP;2095;2095;2445;	-350;0;0;0;POS/26-27/336;bill;TENDER_ONLY_OVER;0;0;0;2445;2445
e3ebf0ab-d3c4-4249-bd48-118eb053c7b8;2;REPAIR_SUFFICIENT_SNAP;2790;2790;5000;	-2210;0;0;0;POS/26-27/521;bill;TENDER_ONLY_OVER;0;0;0;5000;5000
e698842e-8bb1-40bf-ac05-e85ad5840760;1;REPAIR_SUFFICIENT_SNAP;1450;1450;1450;0;0;0;0;POS/26-27/1960;bill;TENDER_ONLY_OVER;0;0;0;1450;1450
e90adfd4-0958-420f-b877-0aea636a7d4f;1;REPAIR_SUFFICIENT_SNAP;0;4000;5000;0;1000;5000;1000;POS/26-27/270;bill;MIXED_TENDER_PLUS_RECEIPT_OVER;0;0;0;5000;4000
ea1e8d2d-8bb5-42e3-8c86-b5e5283d9d4d;2;REPAIR_SUFFICIENT_SNAP;1550;1550;4370;	-2820;0;0;0;POS/26-27/1286;bill;TENDER_ONLY_OVER;0;0;0;4370;4370
ea1e8d2d-8bb5-42e3-8c86-b5e5283d9d4d;2;REPAIR_SUFFICIENT_SNAP;2445;2445;19000;	-16555;0;0;0;POS/26-27/592;bill;TENDER_ONLY_OVER;0;0;0;19000;19000
eed049ad-25b0-4380-92d4-316219cd8282;1;REPAIR_SUFFICIENT_SNAP;0;8400;10400;	-2000;0;8400;0;POS/26-27/1947;bill;RECEIPT_DUPLICATES_AT_SALE_TENDER;0;0;0;10400;10400
f759ceed-2d4d-4074-ba43-11e111110761;1;REPAIR_SUFFICIENT_SNAP;1000;1000;2000;	-1000;0;0;0;POS/26-27/2668;bill;TENDER_ONLY_OVER;0;0;0;2000;2000
f78ef061-4c47-4d2a-90c1-f993a50af51a;2;REPAIR_SUFFICIENT_SNAP;90;90;90;0;0;0;0;POS/26-27/1132;bill;TENDER_ONLY_OVER;0;0;0;90;90
f78ef061-4c47-4d2a-90c1-f993a50af51a;2;REPAIR_SUFFICIENT_SNAP;695;695;1603;	-908;0;0;0;POS/26-27/2264;bill;TENDER_ONLY_OVER;0;0;0;1603;1603
f85eefb3-c3b2-4a94-9b2b-53f45f987a23;1;REPAIR_SUFFICIENT_SNAP;1470;1470;5500;	-4030;0;0;0;POS/26-27/567;bill;TENDER_ONLY_OVER;0;0;0;5500;5500
fb724908-5fe3-431e-bfb6-83f33f07a82a;1;REPAIR_SUFFICIENT_SNAP;575;575;575;0;0;0;0;POS/26-27/2323;bill;TENDER_ONLY_OVER;0;0;0;575;575
fc05b0af-62b9-4519-b8c0-d90ff74d2307;1;REPAIR_SUFFICIENT_SNAP;363.3;363.3;5657;363.3;5656.7;6020;0;INV/26-27/187;bill;RECEIPT_OVER_PARTIAL;0;0;0;0;0
fd857b39-a7bd-4bef-9639-a5524c7d4cbf;1;REPAIR_SUFFICIENT_SNAP;24850;24850;24850.00;24850;24850;49700;49700;INV/25-26/821;bill;EXACT_DOUBLE_RECEIPT;0;0;0;0;0
ffe63ae6-51bf-43bf-8bd5-7a17c7f7075c;1;REPAIR_SUFFICIENT_SNAP;0.00009999;2800.00009999;3300;	-499.99990001;0;2800;0;POS/26-27/1411;bill;RECEIPT_DUPLICATES_AT_SALE_TENDER;0;0;0;3300;3300
1167547a-2ef1-4931-8993-2cb21ebcb619;2;SANTOSH_SEPARATE;5500;5500;5800.00;5500;5800;11300;0;POS/25-26/1130;bill;RECEIPT_OVER_PARTIAL;1;6000;0;0;0
1167547a-2ef1-4931-8993-2cb21ebcb619;2;SANTOSH_SEPARATE;0;6000;81200;	-69200;6000;12000;0;POS/25-26/717;bill;MIXED_TENDER_PLUS_RECEIPT_OVER;0;0;6000;75200;75200
;1;WALK_IN_NO_CUSTOMER;200;200;1200;	-1000;0;0;0;POS/25-26/100;bill;TENDER_ONLY_OVER;0;0;0;1200;1200
;1;WALK_IN_NO_CUSTOMER;200;200;200;0;0;0;0;POS/25-26/1008;bill;TENDER_ONLY_OVER;0;0;0;200;200
;1;WALK_IN_NO_CUSTOMER;100;100;100;0;0;0;0;POS/25-26/1017;bill;TENDER_ONLY_OVER;0;0;0;100;100
;1;WALK_IN_NO_CUSTOMER;30;30;300;	-270;0;0;0;POS/25-26/102;bill;TENDER_ONLY_OVER;0;0;0;300;300
;1;WALK_IN_NO_CUSTOMER;300;300;300;0;0;0;0;POS/25-26/1029;bill;TENDER_ONLY_OVER;0;0;0;300;300
;1;WALK_IN_NO_CUSTOMER;20;20;260;	-240;0;0;0;POS/25-26/103;bill;TENDER_ONLY_OVER;0;0;0;260;260
;1;WALK_IN_NO_CUSTOMER;60;60;200;	-140;0;0;0;POS/25-26/105;bill;TENDER_ONLY_OVER;0;0;0;200;200
;1;WALK_IN_NO_CUSTOMER;700;700;1400;	-700;0;0;0;POS/25-26/1074;bill;TENDER_ONLY_OVER;0;0;0;1400;1400
;1;WALK_IN_NO_CUSTOMER;1300;1300;3100;	-1800;0;0;0;POS/25-26/1077;bill;TENDER_ONLY_OVER;0;0;0;3100;3100
;1;WALK_IN_NO_CUSTOMER;50;50;699;	-649;0;0;0;POS/25-26/108;bill;TENDER_ONLY_OVER;0;0;0;699;699
;1;WALK_IN_NO_CUSTOMER;50;50;500;	-450;0;0;0;POS/25-26/109;bill;TENDER_ONLY_OVER;0;0;0;500;500
;1;WALK_IN_NO_CUSTOMER;40;40;459;	-419;0;0;0;POS/25-26/110;bill;TENDER_ONLY_OVER;0;0;0;459;459
;1;WALK_IN_NO_CUSTOMER;1000;1000;1000;0;0;0;0;POS/25-26/1128;bill;TENDER_ONLY_OVER;0;0;0;1000;1000
;1;WALK_IN_NO_CUSTOMER;550;550;550;0;0;0;0;POS/25-26/1135;bill;TENDER_ONLY_OVER;0;0;0;550;550
;1;WALK_IN_NO_CUSTOMER;15;15;200;	-185;0;0;0;POS/25-26/114;bill;TENDER_ONLY_OVER;0;0;0;200;200
;1;WALK_IN_NO_CUSTOMER;40;40;519;	-479;0;0;0;POS/25-26/116;bill;TENDER_ONLY_OVER;0;0;0;519;519
;1;WALK_IN_NO_CUSTOMER;937;1874;937;937;0;937;0;POS/25-26/118;bill;NET_DUE_ZERO;0;0;0;937;937
;1;WALK_IN_NO_CUSTOMER;20;20;260;	-240;0;0;0;POS/25-26/118;bill;TENDER_ONLY_OVER;0;0;0;260;260
;1;WALK_IN_NO_CUSTOMER;1000;1000;2000;	-1000;0;0;0;POS/25-26/1203;bill;TENDER_ONLY_OVER;0;0;0;2000;2000
;1;WALK_IN_NO_CUSTOMER;20;20;260;	-240;0;0;0;POS/25-26/123;bill;TENDER_ONLY_OVER;0;0;0;260;260
;1;WALK_IN_NO_CUSTOMER;20;20;260;	-240;0;0;0;POS/25-26/124;bill;TENDER_ONLY_OVER;0;0;0;260;260
;1;WALK_IN_NO_CUSTOMER;50;50;529;	-479;0;0;0;POS/25-26/125;bill;TENDER_ONLY_OVER;0;0;0;529;529
;1;WALK_IN_NO_CUSTOMER;20;20;240;	-220;0;0;0;POS/25-26/126;bill;TENDER_ONLY_OVER;0;0;0;240;240
;1;WALK_IN_NO_CUSTOMER;15;15;150;	-135;0;0;0;POS/25-26/130;bill;TENDER_ONLY_OVER;0;0;0;150;150
;1;WALK_IN_NO_CUSTOMER;20;20;199;	-179;0;0;0;POS/25-26/132;bill;TENDER_ONLY_OVER;0;0;0;199;199
;1;WALK_IN_NO_CUSTOMER;15;15;200;	-185;0;0;0;POS/25-26/134;bill;TENDER_ONLY_OVER;0;0;0;200;200
;1;WALK_IN_NO_CUSTOMER;20;20;160;	-140;0;0;0;POS/25-26/135;bill;TENDER_ONLY_OVER;0;0;0;160;160
;1;WALK_IN_NO_CUSTOMER;20;20;210;	-190;0;0;0;POS/25-26/138;bill;TENDER_ONLY_OVER;0;0;0;210;210
;1;WALK_IN_NO_CUSTOMER;650;650;650;0;0;0;0;POS/25-26/140;bill;TENDER_ONLY_OVER;0;0;0;650;650
;1;WALK_IN_NO_CUSTOMER;15;15;150;	-135;0;0;0;POS/25-26/146;bill;TENDER_ONLY_OVER;0;0;0;150;150
;1;WALK_IN_NO_CUSTOMER;20;20;260;	-240;0;0;0;POS/25-26/147;bill;TENDER_ONLY_OVER;0;0;0;260;260
;1;WALK_IN_NO_CUSTOMER;500;500;700;	-200;0;0;0;POS/25-26/185;bill;TENDER_ONLY_OVER;0;0;0;700;700
;1;WALK_IN_NO_CUSTOMER;400;400;400;0;0;0;0;POS/25-26/186;bill;TENDER_ONLY_OVER;0;0;0;400;400
;1;WALK_IN_NO_CUSTOMER;25;25;350;	-325;0;0;0;POS/25-26/190;bill;TENDER_ONLY_OVER;0;0;0;350;350
;1;WALK_IN_NO_CUSTOMER;15;15;500;	-485;0;0;0;POS/25-26/193;bill;TENDER_ONLY_OVER;0;0;0;500;500
;1;WALK_IN_NO_CUSTOMER;40;40;300;	-260;0;0;0;POS/25-26/23;bill;TENDER_ONLY_OVER;0;0;0;300;300
;1;WALK_IN_NO_CUSTOMER;400;400;400;0;0;0;0;POS/25-26/238;bill;TENDER_ONLY_OVER;0;0;0;400;400
;1;WALK_IN_NO_CUSTOMER;200;200;200;0;0;0;0;POS/25-26/244;bill;TENDER_ONLY_OVER;0;0;0;200;200
;1;WALK_IN_NO_CUSTOMER;50;50;50;0;0;0;0;POS/25-26/260;bill;TENDER_ONLY_OVER;0;0;0;50;50
;1;WALK_IN_NO_CUSTOMER;30;30;150;	-120;0;0;0;POS/25-26/29;bill;TENDER_ONLY_OVER;0;0;0;150;150
;1;WALK_IN_NO_CUSTOMER;1400;1400;1700;	-300;0;0;0;POS/25-26/297;bill;TENDER_ONLY_OVER;0;0;0;1700;1700
;1;WALK_IN_NO_CUSTOMER;30;30;240;	-210;0;0;0;POS/25-26/30;bill;TENDER_ONLY_OVER;0;0;0;240;240
;1;WALK_IN_NO_CUSTOMER;50;50;750;	-700;0;0;0;POS/25-26/306;bill;TENDER_ONLY_OVER;0;0;0;750;750
;1;WALK_IN_NO_CUSTOMER;99;99;1400;	-1301;0;0;0;POS/25-26/308;bill;TENDER_ONLY_OVER;0;0;0;1400;1400
;1;WALK_IN_NO_CUSTOMER;500;500;500;0;0;0;0;POS/25-26/313;bill;TENDER_ONLY_OVER;0;0;0;500;500
;1;WALK_IN_NO_CUSTOMER;20;20;229;	-209;0;0;0;POS/25-26/316;bill;TENDER_ONLY_OVER;0;0;0;229;229
;1;WALK_IN_NO_CUSTOMER;25;25;300;	-275;0;0;0;POS/25-26/32;bill;TENDER_ONLY_OVER;0;0;0;300;300
;1;WALK_IN_NO_CUSTOMER;700;700;1000;	-300;0;0;0;POS/25-26/320;bill;TENDER_ONLY_OVER;0;0;0;1000;1000
;1;WALK_IN_NO_CUSTOMER;400;400;400;0;0;0;0;POS/25-26/321;bill;TENDER_ONLY_OVER;0;0;0;400;400
;1;WALK_IN_NO_CUSTOMER;50;50;900;	-850;0;0;0;POS/25-26/33;bill;TENDER_ONLY_OVER;0;0;0;900;900
;1;WALK_IN_NO_CUSTOMER;200;200;200;0;0;0;0;POS/25-26/334;bill;TENDER_ONLY_OVER;0;0;0;200;200
;1;WALK_IN_NO_CUSTOMER;1000;1000;1000;0;0;0;0;POS/25-26/355;bill;TENDER_ONLY_OVER;0;0;0;1000;1000
;1;WALK_IN_NO_CUSTOMER;500;500;1400;	-900;0;0;0;POS/25-26/357;bill;TENDER_ONLY_OVER;0;0;0;1400;1400
;1;WALK_IN_NO_CUSTOMER;1200;1200;1800;	-600;0;0;0;POS/25-26/380;bill;TENDER_ONLY_OVER;0;0;0;1800;1800
;1;WALK_IN_NO_CUSTOMER;500;500;500;0;0;0;0;POS/25-26/382;bill;TENDER_ONLY_OVER;0;0;0;500;500
;1;WALK_IN_NO_CUSTOMER;900;900;1200;	-300;0;0;0;POS/25-26/388;bill;TENDER_ONLY_OVER;0;0;0;1200;1200
;1;WALK_IN_NO_CUSTOMER;200;200;200;0;0;0;0;POS/25-26/404;bill;TENDER_ONLY_OVER;0;0;0;200;200
;1;WALK_IN_NO_CUSTOMER;100;100;100;0;0;0;0;POS/25-26/414;bill;TENDER_ONLY_OVER;0;0;0;100;100
;1;WALK_IN_NO_CUSTOMER;95;95;1200;	-1105;0;0;0;POS/25-26/458;bill;TENDER_ONLY_OVER;0;0;0;1200;1200
;1;WALK_IN_NO_CUSTOMER;1200;1200;1200;0;0;0;0;POS/25-26/473;bill;TENDER_ONLY_OVER;0;0;0;1200;1200
;1;WALK_IN_NO_CUSTOMER;15;15;500;	-485;0;0;0;POS/25-26/479;bill;TENDER_ONLY_OVER;0;0;0;500;500
;1;WALK_IN_NO_CUSTOMER;100;100;500;	-500;0;0;0;POS/25-26/500;bill;TENDER_ONLY_OVER;0;0;0;600;600
;1;WALK_IN_NO_CUSTOMER;200;200;200;0;0;0;0;POS/25-26/511;bill;TENDER_ONLY_OVER;0;0;0;200;200
;1;WALK_IN_NO_CUSTOMER;40;40;449;	-409;0;0;0;POS/25-26/56;bill;TENDER_ONLY_OVER;0;0;0;449;449
;1;WALK_IN_NO_CUSTOMER;220;220;220;0;0;0;0;POS/25-26/597;bill;TENDER_ONLY_OVER;0;0;0;220;220
;1;WALK_IN_NO_CUSTOMER;100;100;3500;	-3400;0;0;0;POS/25-26/665;bill;TENDER_ONLY_OVER;0;0;0;3500;3500
;1;WALK_IN_NO_CUSTOMER;800;800;800;0;0;0;0;POS/25-26/702;bill;TENDER_ONLY_OVER;0;0;0;800;800
;1;WALK_IN_NO_CUSTOMER;20;20;145;	-125;0;0;0;POS/25-26/74;bill;TENDER_ONLY_OVER;0;0;0;145;145
;1;WALK_IN_NO_CUSTOMER;900;900;4500;	-3600;0;0;0;POS/25-26/76;bill;TENDER_ONLY_OVER;0;0;0;4500;4500
;1;WALK_IN_NO_CUSTOMER;400;400;400;0;0;0;0;POS/25-26/77;bill;TENDER_ONLY_OVER;0;0;0;400;400
;1;WALK_IN_NO_CUSTOMER;350;350;350;0;0;0;0;POS/25-26/78;bill;TENDER_ONLY_OVER;0;0;0;350;350
;1;WALK_IN_NO_CUSTOMER;200;200;200;0;0;0;0;POS/25-26/781;bill;TENDER_ONLY_OVER;0;0;0;200;200
;1;WALK_IN_NO_CUSTOMER;200;200;200;0;0;0;0;POS/25-26/838;bill;TENDER_ONLY_OVER;0;0;0;200;200
;1;WALK_IN_NO_CUSTOMER;540;540;870;	-330;0;0;0;POS/25-26/851;bill;TENDER_ONLY_OVER;0;0;0;870;870
;1;WALK_IN_NO_CUSTOMER;200;200;445;	-245;0;0;0;POS/25-26/87;bill;TENDER_ONLY_OVER;0;0;0;445;445
;1;WALK_IN_NO_CUSTOMER;20;20;229;	-209;0;0;0;POS/25-26/89;bill;TENDER_ONLY_OVER;0;0;0;229;229
;1;WALK_IN_NO_CUSTOMER;1050;1050;1050;0;0;0;0;POS/25-26/90;bill;TENDER_ONLY_OVER;0;0;0;1050;1050
;1;WALK_IN_NO_CUSTOMER;50;50;439;	-389;0;0;0;POS/25-26/90;bill;TENDER_ONLY_OVER;0;0;0;439;439
;1;WALK_IN_NO_CUSTOMER;200;200;200;0;0;0;0;POS/25-26/909;bill;TENDER_ONLY_OVER;0;0;0;200;200
;1;WALK_IN_NO_CUSTOMER;50;50;300;	-250;0;0;0;POS/25-26/91;bill;TENDER_ONLY_OVER;0;0;0;300;300
;1;WALK_IN_NO_CUSTOMER;700;700;700;0;0;0;0;POS/25-26/917;bill;TENDER_ONLY_OVER;0;0;0;700;700
;1;WALK_IN_NO_CUSTOMER;30;30;399;	-369;0;0;0;POS/25-26/93;bill;TENDER_ONLY_OVER;0;0;0;399;399
;1;WALK_IN_NO_CUSTOMER;100;100;100;0;0;0;0;POS/25-26/975;bill;TENDER_ONLY_OVER;0;0;0;100;100
;1;WALK_IN_NO_CUSTOMER;1600;1600;1900;	-300;0;0;0;POS/25-26/984;bill;TENDER_ONLY_OVER;0;0;0;1900;1900
;1;WALK_IN_NO_CUSTOMER;400;400;400;0;0;0;0;POS/25-26/987;bill;TENDER_ONLY_OVER;0;0;0;400;400
;1;WALK_IN_NO_CUSTOMER;350;350;4000;	-3650;0;0;0;POS/25-26/99;bill;TENDER_ONLY_OVER;0;0;0;4000;4000
;1;WALK_IN_NO_CUSTOMER;900;900;900;0;0;0;0;POS/26-27/1003;bill;TENDER_ONLY_OVER;0;0;0;900;900
;1;WALK_IN_NO_CUSTOMER;50;50;50;0;0;0;0;POS/26-27/1004;bill;TENDER_ONLY_OVER;0;0;0;50;50
;1;WALK_IN_NO_CUSTOMER;300;300;300;0;0;0;0;POS/26-27/1005;bill;TENDER_ONLY_OVER;0;0;0;300;300
;1;WALK_IN_NO_CUSTOMER;900;900;900;0;0;0;0;POS/26-27/1007;bill;TENDER_ONLY_OVER;0;0;0;900;900
;1;WALK_IN_NO_CUSTOMER;1995;1995;2725;	-730;0;0;0;POS/26-27/1014;bill;TENDER_ONLY_OVER;0;0;0;2725;2725
;1;WALK_IN_NO_CUSTOMER;350;350;350;0;0;0;0;POS/26-27/1019;bill;TENDER_ONLY_OVER;0;0;0;350;350
;1;WALK_IN_NO_CUSTOMER;219.9999999999998;219.9999999999998;219.9999999999998;0;0;0;0;POS/26-27/103;bill;TENDER_ONLY_OVER;0;0;0;219.9999999999998;219.9999999999998
;1;WALK_IN_NO_CUSTOMER;500;500;550;	-50;0;0;0;POS/26-27/1039;bill;TENDER_ONLY_OVER;0;0;0;550;550
;1;WALK_IN_NO_CUSTOMER;750;750;750;0;0;0;0;POS/26-27/1040;bill;TENDER_ONLY_OVER;0;0;0;750;750
;1;WALK_IN_NO_CUSTOMER;500.0000000000000;500.0000000000000;650;	-150.0004999999999;0;0;0;POS/26-27/1050;bill;TENDER_ONLY_OVER;0;0;0;650.0004999999999;650.0004999999999
;1;WALK_IN_NO_CUSTOMER;1120;1120;1120;0;0;0;0;POS/26-27/1065;bill;TENDER_ONLY_OVER;0;0;0;1120;1120
;1;WALK_IN_NO_CUSTOMER;450;450;450;0;0;0;0;POS/26-27/1075;bill;TENDER_ONLY_OVER;0;0;0;450;450
;1;WALK_IN_NO_CUSTOMER;150;150;150;0;0;0;0;POS/26-27/1079;bill;TENDER_ONLY_OVER;0;0;0;150;150
;1;WALK_IN_NO_CUSTOMER;1890;1890;2000;	-110;0;0;0;POS/26-27/1086;bill;TENDER_ONLY_OVER;0;0;0;2000;2000
;1;WALK_IN_NO_CUSTOMER;1295;1295;6998;	-5703;0;0;0;POS/26-27/1093;bill;TENDER_ONLY_OVER;0;0;0;6998;6998
;1;WALK_IN_NO_CUSTOMER;200.00019999999995;200.00019999999995;200;0;0;0;0;POS/26-27/1094;bill;TENDER_ONLY_OVER;0;0;0;200.00019999999995;200.00019999999995
;1;WALK_IN_NO_CUSTOMER;100;100;100;0;0;0;0;POS/26-27/1096;bill;TENDER_ONLY_OVER;0;0;0;100;100
;1;WALK_IN_NO_CUSTOMER;30;30;330;	-300;0;0;0;POS/26-27/1099;bill;TENDER_ONLY_OVER;0;0;0;330;330
;1;WALK_IN_NO_CUSTOMER;600;600;600;0;0;0;0;POS/26-27/1102;bill;TENDER_ONLY_OVER;0;0;0;600;600
;1;WALK_IN_NO_CUSTOMER;2100;2100;2100;0;0;0;0;POS/26-27/1107;bill;TENDER_ONLY_OVER;0;0;0;2100;2100
;1;WALK_IN_NO_CUSTOMER;20;20;230;	-210;0;0;0;POS/26-27/1107;bill;TENDER_ONLY_OVER;0;0;0;230;230
;1;WALK_IN_NO_CUSTOMER;100;100;100;0;0;0;0;POS/26-27/1121;bill;TENDER_ONLY_OVER;0;0;0;100;100
;1;WALK_IN_NO_CUSTOMER;450;450;450;0;0;0;0;POS/26-27/1127;bill;TENDER_ONLY_OVER;0;0;0;450;450
;1;WALK_IN_NO_CUSTOMER;150;150;150;0;0;0;0;POS/26-27/1136;bill;TENDER_ONLY_OVER;0;0;0;150;150
;1;WALK_IN_NO_CUSTOMER;25;25;550;	-525;0;0;0;POS/26-27/1138;bill;TENDER_ONLY_OVER;0;0;0;550;550
;1;WALK_IN_NO_CUSTOMER;20;20;290;	-270;0;0;0;POS/26-27/1141;bill;TENDER_ONLY_OVER;0;0;0;290;290
;1;WALK_IN_NO_CUSTOMER;200;200;200;0;0;0;0;POS/26-27/1149;bill;TENDER_ONLY_OVER;0;0;0;200;200
;1;WALK_IN_NO_CUSTOMER;700.0000000000000;700.0000000000000;3450;	-2750.0002999999997;0;0;0;POS/26-27/1168;bill;TENDER_ONLY_OVER;0;0;0;3450.0002999999997;3450.0002999999997
;1;WALK_IN_NO_CUSTOMER;500.00000000000000;500.00000000000000;500;	-0.00030000000004;0;0;0;POS/26-27/1170;bill;TENDER_ONLY_OVER;0;0;0;500.00030000000004;500.00030000000004
;1;WALK_IN_NO_CUSTOMER;3650.0000;3650.0000;12550;	-8899.9992;0;0;0;POS/26-27/1173;bill;TENDER_ONLY_OVER;0;0;0;12549.9992;12549.9992
;1;WALK_IN_NO_CUSTOMER;100;100;100;0;0;0;0;POS/26-27/1193;bill;TENDER_ONLY_OVER;0;0;0;100;100
;1;WALK_IN_NO_CUSTOMER;100.00025000000005;100.00025000000005;100;0;0;0;0;POS/26-27/1210;bill;TENDER_ONLY_OVER;0;0;0;100.00025000000005;100.00025000000005
;1;WALK_IN_NO_CUSTOMER;255;255;255;0;0;0;0;POS/26-27/1213;bill;TENDER_ONLY_OVER;0;0;0;255;255
;1;WALK_IN_NO_CUSTOMER;212.99999999999994;212.99999999999994;213;0;0;0;0;POS/26-27/1213;bill;TENDER_ONLY_OVER;0;0;0;212.99999999999994;212.99999999999994
;1;WALK_IN_NO_CUSTOMER;3000;3000;3000;0;0;0;0;POS/26-27/1234;bill;TENDER_ONLY_OVER;0;0;0;3000;3000
;1;WALK_IN_NO_CUSTOMER;199.99990000000003;199.99990000000003;200;0;0;0;0;POS/26-27/1237;bill;TENDER_ONLY_OVER;0;0;0;199.99990000000003;199.99990000000003
;1;WALK_IN_NO_CUSTOMER;1000;1000;1000;0;0;0;0;POS/26-27/1241;bill;TENDER_ONLY_OVER;0;0;0;1000;1000
;1;WALK_IN_NO_CUSTOMER;138;138;138;0;0;0;0;POS/26-27/1281;bill;TENDER_ONLY_OVER;0;0;0;138;138
;1;WALK_IN_NO_CUSTOMER;70;70;70;0;0;0;0;POS/26-27/1283;bill;TENDER_ONLY_OVER;0;0;0;70;70
;1;WALK_IN_NO_CUSTOMER;249.9996000000001;249.9996000000001;250;0;0;0;0;POS/26-27/1290;bill;TENDER_ONLY_OVER;0;0;0;249.9996000000001;249.9996000000001
;1;WALK_IN_NO_CUSTOMER;700;700;700;0;0;0;0;POS/26-27/1300;bill;TENDER_ONLY_OVER;0;0;0;700;700
;1;WALK_IN_NO_CUSTOMER;1575;1575;2195;	-620;0;0;0;POS/26-27/1309;bill;TENDER_ONLY_OVER;0;0;0;2195;2195
;1;WALK_IN_NO_CUSTOMER;1350;1350;11700;	-10350;0;0;0;POS/26-27/1310;bill;TENDER_ONLY_OVER;0;0;0;11700;11700
;1;WALK_IN_NO_CUSTOMER;650.0003000000002;650.0003000000002;650;0;0;0;0;POS/26-27/1320;bill;TENDER_ONLY_OVER;0;0;0;650.0003000000002;650.0003000000002
;1;WALK_IN_NO_CUSTOMER;1700;1700;1700;0;0;0;0;POS/26-27/1325;bill;TENDER_ONLY_OVER;0;0;0;1700;1700
;1;WALK_IN_NO_CUSTOMER;499.9996;499.9996;500;0;0;0;0;POS/26-27/1330;bill;TENDER_ONLY_OVER;0;0;0;499.9996;499.9996
;1;WALK_IN_NO_CUSTOMER;2195;2195;7634;	-5439;0;0;0;POS/26-27/1336;bill;TENDER_ONLY_OVER;0;0;0;7634;7634
;1;WALK_IN_NO_CUSTOMER;750;750;1600;	-850;0;0;0;POS/26-27/1349;bill;TENDER_ONLY_OVER;0;0;0;1600;1600
;1;WALK_IN_NO_CUSTOMER;100;100;100;0;0;0;0;POS/26-27/1351;bill;TENDER_ONLY_OVER;0;0;0;100;100
;1;WALK_IN_NO_CUSTOMER;949;949;949;0;0;0;0;POS/26-27/1358;bill;TENDER_ONLY_OVER;0;0;0;949;949
;1;WALK_IN_NO_CUSTOMER;500;500;850;	-350;0;0;0;POS/26-27/1388;bill;TENDER_ONLY_OVER;0;0;0;850;850
;1;WALK_IN_NO_CUSTOMER;600;600;600;0;0;0;0;POS/26-27/1393;bill;TENDER_ONLY_OVER;0;0;0;600;600
;1;WALK_IN_NO_CUSTOMER;445;445;445;0;0;0;0;POS/26-27/1393;bill;TENDER_ONLY_OVER;0;0;0;445;445
;1;WALK_IN_NO_CUSTOMER;2490;2490;2520;	-30;0;0;0;POS/26-27/1400;bill;TENDER_ONLY_OVER;0;0;0;2520;2520
;1;WALK_IN_NO_CUSTOMER;1750;1750;1750;0;0;0;0;POS/26-27/1406;bill;TENDER_ONLY_OVER;0;0;0;1750;1750
;1;WALK_IN_NO_CUSTOMER;355;355;355;0;0;0;0;POS/26-27/1411;bill;TENDER_ONLY_OVER;0;0;0;355;355
;1;WALK_IN_NO_CUSTOMER;130;130;130;0;0;0;0;POS/26-27/1412;bill;TENDER_ONLY_OVER;0;0;0;130;130
;1;WALK_IN_NO_CUSTOMER;150.00019999999995;150.00019999999995;150;0;0;0;0;POS/26-27/1419;bill;TENDER_ONLY_OVER;0;0;0;150.00019999999995;150.00019999999995
;1;WALK_IN_NO_CUSTOMER;151;151;151;0;0;0;0;POS/26-27/1437;bill;TENDER_ONLY_OVER;0;0;0;151;151
;1;WALK_IN_NO_CUSTOMER;200;200;200;0;0;0;0;POS/26-27/1456;bill;TENDER_ONLY_OVER;0;0;0;200;200
;1;WALK_IN_NO_CUSTOMER;1650;1650;1995;	-345;0;0;0;POS/26-27/1456;bill;TENDER_ONLY_OVER;0;0;0;1995;1995
;1;WALK_IN_NO_CUSTOMER;1048;1048;1048;0;0;0;0;POS/26-27/1460;bill;TENDER_ONLY_OVER;0;0;0;1048;1048
;1;WALK_IN_NO_CUSTOMER;1000;1000;1100;	-100;0;0;0;POS/26-27/1461;bill;TENDER_ONLY_OVER;0;0;0;1100;1100
;1;WALK_IN_NO_CUSTOMER;800.0000000000000;800.0000000000000;1500;	-700.0005999999998;0;0;0;POS/26-27/1467;bill;TENDER_ONLY_OVER;0;0;0;1500.0005999999998;1500.0005999999998
;1;WALK_IN_NO_CUSTOMER;2960;2960;2960;0;0;0;0;POS/26-27/1471;bill;TENDER_ONLY_OVER;0;0;0;2960;2960
;1;WALK_IN_NO_CUSTOMER;235;235;235;0;0;0;0;POS/26-27/1487;bill;TENDER_ONLY_OVER;0;0;0;235;235
;1;WALK_IN_NO_CUSTOMER;300.00019999999995;300.00019999999995;300;0;0;0;0;POS/26-27/1498;bill;TENDER_ONLY_OVER;0;0;0;300.00019999999995;300.00019999999995
;1;WALK_IN_NO_CUSTOMER;579;579;579;0;0;0;0;POS/26-27/1505;bill;TENDER_ONLY_OVER;0;0;0;579;579
;1;WALK_IN_NO_CUSTOMER;2620;2620;3415;	-795;0;0;0;POS/26-27/1510;bill;TENDER_ONLY_OVER;0;0;0;3415;3415
;1;WALK_IN_NO_CUSTOMER;350;350;350;0;0;0;0;POS/26-27/1511;bill;TENDER_ONLY_OVER;0;0;0;350;350
;1;WALK_IN_NO_CUSTOMER;725;725;725;0;0;0;0;POS/26-27/1516;bill;TENDER_ONLY_OVER;0;0;0;725;725
;1;WALK_IN_NO_CUSTOMER;499;499;499;0;0;0;0;POS/26-27/1523;bill;TENDER_ONLY_OVER;0;0;0;499;499
;1;WALK_IN_NO_CUSTOMER;464;464;464;0;0;0;0;POS/26-27/1549;bill;TENDER_ONLY_OVER;0;0;0;464;464
;1;WALK_IN_NO_CUSTOMER;255;255;255;0;0;0;0;POS/26-27/1556;bill;TENDER_ONLY_OVER;0;0;0;255;255
;1;WALK_IN_NO_CUSTOMER;895;895;1145;	-250;0;0;0;POS/26-27/1575;bill;TENDER_ONLY_OVER;0;0;0;1145;1145
;1;WALK_IN_NO_CUSTOMER;50;50;1250;	-1200;0;0;0;POS/26-27/1591;bill;TENDER_ONLY_OVER;0;0;0;1250;1250
;1;WALK_IN_NO_CUSTOMER;734;734;734;0;0;0;0;POS/26-27/1591;bill;TENDER_ONLY_OVER;0;0;0;734;734
;1;WALK_IN_NO_CUSTOMER;200;200;200;0;0;0;0;POS/26-27/1593;bill;TENDER_ONLY_OVER;0;0;0;200;200
;1;WALK_IN_NO_CUSTOMER;100;100;795;	-695;0;0;0;POS/26-27/1608;bill;TENDER_ONLY_OVER;0;0;0;795;795
;1;WALK_IN_NO_CUSTOMER;100;100;100;0;0;0;0;POS/26-27/1613;bill;TENDER_ONLY_OVER;0;0;0;100;100
;1;WALK_IN_NO_CUSTOMER;30;30;30;0;0;0;0;POS/26-27/1616;bill;TENDER_ONLY_OVER;0;0;0;30;30
;1;WALK_IN_NO_CUSTOMER;50.0004;50.0004;1250;	-1199.9996;0;0;0;POS/26-27/1637;bill;TENDER_ONLY_OVER;0;0;0;1250;1250
;1;WALK_IN_NO_CUSTOMER;500;500;500;0;0;0;0;POS/26-27/1654;bill;TENDER_ONLY_OVER;0;0;0;500;500
;1;WALK_IN_NO_CUSTOMER;101;101;101;0;0;0;0;POS/26-27/1659;bill;TENDER_ONLY_OVER;0;0;0;101;101
;1;WALK_IN_NO_CUSTOMER;1270;1270;2855;	-1585;0;0;0;POS/26-27/1660;bill;TENDER_ONLY_OVER;0;0;0;2855;2855
;1;WALK_IN_NO_CUSTOMER;599.9998;599.9998;700;	-100.0002;0;0;0;POS/26-27/1660;bill;TENDER_ONLY_OVER;0;0;0;700;700
;1;WALK_IN_NO_CUSTOMER;750;750;750;0;0;0;0;POS/26-27/1672;bill;TENDER_ONLY_OVER;0;0;0;750;750
;1;WALK_IN_NO_CUSTOMER;650;650;650;0;0;0;0;POS/26-27/1687;bill;TENDER_ONLY_OVER;0;0;0;650;650
;1;WALK_IN_NO_CUSTOMER;120;120;120;0;0;0;0;POS/26-27/1701;bill;TENDER_ONLY_OVER;0;0;0;120;120
;1;WALK_IN_NO_CUSTOMER;4800;4800;5500;	-700;0;0;0;POS/26-27/1713;bill;TENDER_ONLY_OVER;0;0;0;5500;5500
;1;WALK_IN_NO_CUSTOMER;300;300;300;0;0;0;0;POS/26-27/1756;bill;TENDER_ONLY_OVER;0;0;0;300;300
;1;WALK_IN_NO_CUSTOMER;250;250;250;0;0;0;0;POS/26-27/1757;bill;TENDER_ONLY_OVER;0;0;0;250;250
;1;WALK_IN_NO_CUSTOMER;200;200;200;0;0;0;0;POS/26-27/176;bill;TENDER_ONLY_OVER;0;0;0;200;200
;1;WALK_IN_NO_CUSTOMER;1324;1324;1324;0;0;0;0;POS/26-27/1763;bill;TENDER_ONLY_OVER;0;0;0;1324;1324
;1;WALK_IN_NO_CUSTOMER;200;200;200;0;0;0;0;POS/26-27/1766;bill;TENDER_ONLY_OVER;0;0;0;200;200
;1;WALK_IN_NO_CUSTOMER;150;150;150;0;0;0;0;POS/26-27/1776;bill;TENDER_ONLY_OVER;0;0;0;150;150
;1;WALK_IN_NO_CUSTOMER;900;900;1000;	-100;0;0;0;POS/26-27/1780;bill;TENDER_ONLY_OVER;0;0;0;1000;1000
;1;WALK_IN_NO_CUSTOMER;5;5;5;0;0;0;0;POS/26-27/1790;bill;TENDER_ONLY_OVER;0;0;0;5;5
;1;WALK_IN_NO_CUSTOMER;221;221;221;0;0;0;0;POS/26-27/1792;bill;TENDER_ONLY_OVER;0;0;0;221;221
;1;WALK_IN_NO_CUSTOMER;449;449;449;0;0;0;0;POS/26-27/1799;bill;TENDER_ONLY_OVER;0;0;0;449;449
;1;WALK_IN_NO_CUSTOMER;550;550;550;0;0;0;0;POS/26-27/1804;bill;TENDER_ONLY_OVER;0;0;0;550;550
;1;WALK_IN_NO_CUSTOMER;1000;1000;1000;0;0;0;0;POS/26-27/1819;bill;TENDER_ONLY_OVER;0;0;0;1000;1000
;1;WALK_IN_NO_CUSTOMER;150;150;150;0;0;0;0;POS/26-27/1821;bill;TENDER_ONLY_OVER;0;0;0;150;150
;1;WALK_IN_NO_CUSTOMER;1230;1230;3170;	-1940;0;0;0;POS/26-27/1824;bill;TENDER_ONLY_OVER;0;0;0;3170;3170
;1;WALK_IN_NO_CUSTOMER;50;50;50;0;0;0;0;POS/26-27/1848;bill;TENDER_ONLY_OVER;0;0;0;50;50
;1;WALK_IN_NO_CUSTOMER;450;450;450;0;0;0;0;POS/26-27/1868;bill;TENDER_ONLY_OVER;0;0;0;450;450
;1;WALK_IN_NO_CUSTOMER;1249.9996;1249.9996;2350;	-1100.0004;0;0;0;POS/26-27/1882;bill;TENDER_ONLY_OVER;0;0;0;2350;2350
;1;WALK_IN_NO_CUSTOMER;15;15;15;0;0;0;0;POS/26-27/1887;bill;TENDER_ONLY_OVER;0;0;0;15;15
;1;WALK_IN_NO_CUSTOMER;1000.4300000000003;1000.4300000000003;1000.4300000000003;0;0;0;0;POS/26-27/189;bill;TENDER_ONLY_OVER;0;0;0;1000.4300000000003;1000.4300000000003
;1;WALK_IN_NO_CUSTOMER;1125;1125;1743;	-618;0;0;0;POS/26-27/1891;bill;TENDER_ONLY_OVER;0;0;0;1743;1743
;1;WALK_IN_NO_CUSTOMER;200;200;200;0;0;0;0;POS/26-27/1914;bill;TENDER_ONLY_OVER;0;0;0;200;200
;1;WALK_IN_NO_CUSTOMER;795;795;1675;	-880;0;0;0;POS/26-27/1923;bill;TENDER_ONLY_OVER;0;0;0;1675;1675
;1;WALK_IN_NO_CUSTOMER;95;95;95;0;0;0;0;POS/26-27/1926;bill;TENDER_ONLY_OVER;0;0;0;95;95
;1;WALK_IN_NO_CUSTOMER;70;70;70;0;0;0;0;POS/26-27/1936;bill;TENDER_ONLY_OVER;0;0;0;70;70
;1;WALK_IN_NO_CUSTOMER;30;30;30;0;0;0;0;POS/26-27/1939;bill;TENDER_ONLY_OVER;0;0;0;30;30
;1;WALK_IN_NO_CUSTOMER;2099;2099;2700;	-601;0;0;0;POS/26-27/1961;bill;TENDER_ONLY_OVER;0;0;0;2700;2700
;1;WALK_IN_NO_CUSTOMER;255;255;255;0;0;0;0;POS/26-27/198;bill;TENDER_ONLY_OVER;0;0;0;255;255
;1;WALK_IN_NO_CUSTOMER;1749;1749;1749;0;0;0;0;POS/26-27/1998;bill;TENDER_ONLY_OVER;0;0;0;1749;1749
;1;WALK_IN_NO_CUSTOMER;64;64;64;0;0;0;0;POS/26-27/2010;bill;TENDER_ONLY_OVER;0;0;0;64;64
;1;WALK_IN_NO_CUSTOMER;3599;3599;11552;	-7953;0;0;0;POS/26-27/2017;bill;TENDER_ONLY_OVER;0;0;0;11552;11552
;1;WALK_IN_NO_CUSTOMER;995;995;1800;	-805;0;0;0;POS/26-27/2027;bill;TENDER_ONLY_OVER;0;0;0;1800;1800
;1;WALK_IN_NO_CUSTOMER;199;199;199;0;0;0;0;POS/26-27/2035;bill;TENDER_ONLY_OVER;0;0;0;199;199
;1;WALK_IN_NO_CUSTOMER;1250;1250;1795;	-545;0;0;0;POS/26-27/2042;bill;TENDER_ONLY_OVER;0;0;0;1795;1795
;1;WALK_IN_NO_CUSTOMER;853;853;853;0;0;0;0;POS/26-27/2064;bill;TENDER_ONLY_OVER;0;0;0;853;853
;1;WALK_IN_NO_CUSTOMER;1050;1050;1050;0;0;0;0;POS/26-27/2069;bill;TENDER_ONLY_OVER;0;0;0;1050;1050
;1;WALK_IN_NO_CUSTOMER;120;120;120;0;0;0;0;POS/26-27/2074;bill;TENDER_ONLY_OVER;0;0;0;120;120
;1;WALK_IN_NO_CUSTOMER;200;200;200;0;0;0;0;POS/26-27/2075;bill;TENDER_ONLY_OVER;0;0;0;200;200
;1;WALK_IN_NO_CUSTOMER;310;310;489;	-179;0;0;0;POS/26-27/2082;bill;TENDER_ONLY_OVER;0;0;0;489;489
;1;WALK_IN_NO_CUSTOMER;1295;1295;1325;	-30;0;0;0;POS/26-27/2091;bill;TENDER_ONLY_OVER;0;0;0;1325;1325
;1;WALK_IN_NO_CUSTOMER;300;300;300;0;0;0;0;POS/26-27/21;bill;TENDER_ONLY_OVER;0;0;0;300;300
;1;WALK_IN_NO_CUSTOMER;1190;1190;1430;	-240;0;0;0;POS/26-27/2113;bill;TENDER_ONLY_OVER;0;0;0;1430;1430
;1;WALK_IN_NO_CUSTOMER;100;100;100;0;0;0;0;POS/26-27/2127;bill;TENDER_ONLY_OVER;0;0;0;100;100
;1;WALK_IN_NO_CUSTOMER;20;20;20;0;0;0;0;POS/26-27/2133;bill;TENDER_ONLY_OVER;0;0;0;20;20
;1;WALK_IN_NO_CUSTOMER;45;45;45;0;0;0;0;POS/26-27/2142;bill;TENDER_ONLY_OVER;0;0;0;45;45
;1;WALK_IN_NO_CUSTOMER;488;488;488;0;0;0;0;POS/26-27/2183;bill;TENDER_ONLY_OVER;0;0;0;488;488
;1;WALK_IN_NO_CUSTOMER;2240;2240;2550;	-310;0;0;0;POS/26-27/2206;bill;TENDER_ONLY_OVER;0;0;0;2550;2550
;1;WALK_IN_NO_CUSTOMER;650;650;850;	-200;0;0;0;POS/26-27/2240;bill;TENDER_ONLY_OVER;0;0;0;850;850
;1;WALK_IN_NO_CUSTOMER;91;91;91;0;0;0;0;POS/26-27/2251;bill;TENDER_ONLY_OVER;0;0;0;91;91
;1;WALK_IN_NO_CUSTOMER;1945;1945;3490;	-1545;0;0;0;POS/26-27/2263;bill;TENDER_ONLY_OVER;0;0;0;3490;3490
;1;WALK_IN_NO_CUSTOMER;255;255;255;0;0;0;0;POS/26-27/2273;bill;TENDER_ONLY_OVER;0;0;0;255;255
;1;WALK_IN_NO_CUSTOMER;295;295;295;0;0;0;0;POS/26-27/2280;bill;TENDER_ONLY_OVER;0;0;0;295;295
;1;WALK_IN_NO_CUSTOMER;300;300;300;0;0;0;0;POS/26-27/2294;bill;TENDER_ONLY_OVER;0;0;0;300;300
;1;WALK_IN_NO_CUSTOMER;200;200;473;	-273;0;0;0;POS/26-27/2295;bill;TENDER_ONLY_OVER;0;0;0;473;473
;1;WALK_IN_NO_CUSTOMER;1595;1595;2845;	-1250;0;0;0;POS/26-27/2335;bill;TENDER_ONLY_OVER;0;0;0;2845;2845
;1;WALK_IN_NO_CUSTOMER;895;895;3189;	-2294;0;0;0;POS/26-27/2341;bill;TENDER_ONLY_OVER;0;0;0;3189;3189
;1;WALK_IN_NO_CUSTOMER;1900;1900;1900;0;0;0;0;POS/26-27/2352;bill;TENDER_ONLY_OVER;0;0;0;1900;1900
;1;WALK_IN_NO_CUSTOMER;509;509;509;0;0;0;0;POS/26-27/2354;bill;TENDER_ONLY_OVER;0;0;0;509;509
;1;WALK_IN_NO_CUSTOMER;905;905;905;0;0;0;0;POS/26-27/2383;bill;TENDER_ONLY_OVER;0;0;0;905;905
;1;WALK_IN_NO_CUSTOMER;192;192;192;0;0;0;0;POS/26-27/2394;bill;TENDER_ONLY_OVER;0;0;0;192;192
;1;WALK_IN_NO_CUSTOMER;200;200;200;0;0;0;0;POS/26-27/240;bill;TENDER_ONLY_OVER;0;0;0;200;200
;1;WALK_IN_NO_CUSTOMER;401;401;401;0;0;0;0;POS/26-27/2416;bill;TENDER_ONLY_OVER;0;0;0;401;401
;1;WALK_IN_NO_CUSTOMER;4220;4220;5462;	-1242;0;0;0;POS/26-27/2466;bill;TENDER_ONLY_OVER;0;0;0;5462;5462
;1;WALK_IN_NO_CUSTOMER;400;400;400;0;0;0;0;POS/26-27/2474;bill;TENDER_ONLY_OVER;0;0;0;400;400
;1;WALK_IN_NO_CUSTOMER;2354;2354;2354;0;0;0;0;POS/26-27/2476;bill;TENDER_ONLY_OVER;0;0;0;2354;2354
;1;WALK_IN_NO_CUSTOMER;500;500;500;0;0;0;0;POS/26-27/2491;bill;TENDER_ONLY_OVER;0;0;0;500;500
;1;WALK_IN_NO_CUSTOMER;755;755;5000;	-4245;0;0;0;POS/26-27/2495;bill;TENDER_ONLY_OVER;0;0;0;5000;5000
;1;WALK_IN_NO_CUSTOMER;540;540;540;0;0;0;0;POS/26-27/2496;bill;TENDER_ONLY_OVER;0;0;0;540;540
;1;WALK_IN_NO_CUSTOMER;449;449;541;	-92;0;0;0;POS/26-27/2509;bill;TENDER_ONLY_OVER;0;0;0;541;541
;1;WALK_IN_NO_CUSTOMER;754;754;754;0;0;0;0;POS/26-27/2521;bill;TENDER_ONLY_OVER;0;0;0;754;754
;1;WALK_IN_NO_CUSTOMER;1200;1200;1200;0;0;0;0;POS/26-27/2549;bill;TENDER_ONLY_OVER;0;0;0;1200;1200
;1;WALK_IN_NO_CUSTOMER;2004;2004;2004;0;0;0;0;POS/26-27/2555;bill;TENDER_ONLY_OVER;0;0;0;2004;2004
;1;WALK_IN_NO_CUSTOMER;5;5;285;	-280;0;0;0;POS/26-27/2583;bill;TENDER_ONLY_OVER;0;0;0;285;285
;1;WALK_IN_NO_CUSTOMER;1451;1451;1451;0;0;0;0;POS/26-27/2589;bill;TENDER_ONLY_OVER;0;0;0;1451;1451
;1;WALK_IN_NO_CUSTOMER;500;500;500;0;0;0;0;POS/26-27/260;bill;TENDER_ONLY_OVER;0;0;0;500;500
;1;WALK_IN_NO_CUSTOMER;65;65;65;0;0;0;0;POS/26-27/2600;bill;TENDER_ONLY_OVER;0;0;0;65;65
;1;WALK_IN_NO_CUSTOMER;745;745;745;0;0;0;0;POS/26-27/2602;bill;TENDER_ONLY_OVER;0;0;0;745;745
;1;WALK_IN_NO_CUSTOMER;85;85;85;0;0;0;0;POS/26-27/2607;bill;TENDER_ONLY_OVER;0;0;0;85;85
;1;WALK_IN_NO_CUSTOMER;695;695;3015;	-2320;0;0;0;POS/26-27/2631;bill;TENDER_ONLY_OVER;0;0;0;3015;3015
;1;WALK_IN_NO_CUSTOMER;7935;7935;16490;	-8555;0;0;0;POS/26-27/2634;bill;TENDER_ONLY_OVER;0;0;0;16490;16490
;1;WALK_IN_NO_CUSTOMER;755;755;755;0;0;0;0;POS/26-27/2635;bill;TENDER_ONLY_OVER;0;0;0;755;755
;1;WALK_IN_NO_CUSTOMER;95;95;95;0;0;0;0;POS/26-27/2664;bill;TENDER_ONLY_OVER;0;0;0;95;95
;1;WALK_IN_NO_CUSTOMER;30;30;419;	-389;0;0;0;POS/26-27/2672;bill;TENDER_ONLY_OVER;0;0;0;419;419
;1;WALK_IN_NO_CUSTOMER;445;445;445;0;0;0;0;POS/26-27/2682;bill;TENDER_ONLY_OVER;0;0;0;445;445
;1;WALK_IN_NO_CUSTOMER;2400;2400;2400;0;0;0;0;POS/26-27/2686;bill;TENDER_ONLY_OVER;0;0;0;2400;2400
;1;WALK_IN_NO_CUSTOMER;1150;1150;2880;	-1730;0;0;0;POS/26-27/2702;bill;TENDER_ONLY_OVER;0;0;0;2880;2880
;1;WALK_IN_NO_CUSTOMER;300;300;300;0;0;0;0;POS/26-27/2709;bill;TENDER_ONLY_OVER;0;0;0;300;300
;1;WALK_IN_NO_CUSTOMER;1595;1595;2454;	-859;0;0;0;POS/26-27/2736;bill;TENDER_ONLY_OVER;0;0;0;2454;2454
;1;WALK_IN_NO_CUSTOMER;100;100;100;0;0;0;0;POS/26-27/2761;bill;TENDER_ONLY_OVER;0;0;0;100;100
;1;WALK_IN_NO_CUSTOMER;238;238;238;0;0;0;0;POS/26-27/2764;bill;TENDER_ONLY_OVER;0;0;0;238;238
;1;WALK_IN_NO_CUSTOMER;200;200;200;0;0;0;0;POS/26-27/2777;bill;TENDER_ONLY_OVER;0;0;0;200;200
;1;WALK_IN_NO_CUSTOMER;545;545;545;0;0;0;0;POS/26-27/2791;bill;TENDER_ONLY_OVER;0;0;0;545;545
;1;WALK_IN_NO_CUSTOMER;150;150;150;0;0;0;0;POS/26-27/290;bill;TENDER_ONLY_OVER;0;0;0;150;150
;1;WALK_IN_NO_CUSTOMER;645;645;1345;	-700;0;0;0;POS/26-27/300;bill;TENDER_ONLY_OVER;0;0;0;1345;1345
;1;WALK_IN_NO_CUSTOMER;650;650;1970;	-1320;0;0;0;POS/26-27/304;bill;TENDER_ONLY_OVER;0;0;0;1970;1970
;1;WALK_IN_NO_CUSTOMER;700;700;750;	-50;0;0;0;POS/26-27/336;bill;TENDER_ONLY_OVER;0;0;0;750;750
;1;WALK_IN_NO_CUSTOMER;850;850;850;0;0;0;0;POS/26-27/348;bill;TENDER_ONLY_OVER;0;0;0;850;850
;1;WALK_IN_NO_CUSTOMER;3694;3694;8700;	-5006;0;0;0;POS/26-27/364;bill;TENDER_ONLY_OVER;0;0;0;8700;8700
;1;WALK_IN_NO_CUSTOMER;1050;1050;2950;	-1900;0;0;0;POS/26-27/364;bill;TENDER_ONLY_OVER;0;0;0;2950;2950
;1;WALK_IN_NO_CUSTOMER;50;50;50;0;0;0;0;POS/26-27/372;bill;TENDER_ONLY_OVER;0;0;0;50;50
;1;WALK_IN_NO_CUSTOMER;1200;1200;2200;	-1000;0;0;0;POS/26-27/385;bill;TENDER_ONLY_OVER;0;0;0;2200;2200
;1;WALK_IN_NO_CUSTOMER;1495;1495;9690;	-8195;0;0;0;POS/26-27/395;bill;TENDER_ONLY_OVER;0;0;0;9690;9690
;1;WALK_IN_NO_CUSTOMER;1495;1495;1500;	-5;0;0;0;POS/26-27/434;bill;TENDER_ONLY_OVER;0;0;0;1500;1500
;1;WALK_IN_NO_CUSTOMER;1050;1050;2050;	-1000;0;0;0;POS/26-27/46;bill;TENDER_ONLY_OVER;0;0;0;2050;2050
;1;WALK_IN_NO_CUSTOMER;9500;9500;9500;0;0;0;0;POS/26-27/476;bill;TENDER_ONLY_OVER;0;0;0;9500;9500
;1;WALK_IN_NO_CUSTOMER;110;110;4700;	-4590;0;0;0;POS/26-27/506;bill;TENDER_ONLY_OVER;0;0;0;4700;4700
;1;WALK_IN_NO_CUSTOMER;6;6;6;0;0;0;0;POS/26-27/513;bill;TENDER_ONLY_OVER;0;0;0;6;6
;1;WALK_IN_NO_CUSTOMER;1899;1899;5570;	-3671;0;0;0;POS/26-27/523;bill;TENDER_ONLY_OVER;0;0;0;5570;5570
;1;WALK_IN_NO_CUSTOMER;150;150;150;0;0;0;0;POS/26-27/535;bill;TENDER_ONLY_OVER;0;0;0;150;150
;1;WALK_IN_NO_CUSTOMER;700;700;700;0;0;0;0;POS/26-27/543;bill;TENDER_ONLY_OVER;0;0;0;700;700
;1;WALK_IN_NO_CUSTOMER;225;225;225;0;0;0;0;POS/26-27/575;bill;TENDER_ONLY_OVER;0;0;0;225;225
;1;WALK_IN_NO_CUSTOMER;1895;1895;7094;	-5199;0;0;0;POS/26-27/596;bill;TENDER_ONLY_OVER;0;0;0;7094;7094
;1;WALK_IN_NO_CUSTOMER;250;250;2355;	-2105;0;0;0;POS/26-27/607;bill;TENDER_ONLY_OVER;0;0;0;2355;2355
;1;WALK_IN_NO_CUSTOMER;449;449;449;0;0;0;0;POS/26-27/617;bill;TENDER_ONLY_OVER;0;0;0;449;449
;1;WALK_IN_NO_CUSTOMER;1050;1050;1050;0;0;0;0;POS/26-27/628;bill;TENDER_ONLY_OVER;0;0;0;1050;1050
;1;WALK_IN_NO_CUSTOMER;350.0000000000000;350.0000000000000;499.9997000000001;	-149.9997000000001;0;0;0;POS/26-27/673;bill;TENDER_ONLY_OVER;0;0;0;499.9997000000001;499.9997000000001
;1;WALK_IN_NO_CUSTOMER;500.0000000000000;500.0000000000000;650.0004999999999;	-150.0004999999999;0;0;0;POS/26-27/677;bill;TENDER_ONLY_OVER;0;0;0;650.0004999999999;650.0004999999999
;1;WALK_IN_NO_CUSTOMER;45;45;45;0;0;0;0;POS/26-27/690;bill;TENDER_ONLY_OVER;0;0;0;45;45
;1;WALK_IN_NO_CUSTOMER;300.32959999999997;300.32959999999997;300.32959999999997;0;0;0;0;POS/26-27/691;bill;TENDER_ONLY_OVER;0;0;0;300.32959999999997;300.32959999999997
;1;WALK_IN_NO_CUSTOMER;499.66999999999996;499.66999999999996;499.66999999999996;0;0;0;0;POS/26-27/692;bill;TENDER_ONLY_OVER;0;0;0;499.66999999999996;499.66999999999996
;1;WALK_IN_NO_CUSTOMER;1595;1595;2495;	-900;0;0;0;POS/26-27/694;bill;TENDER_ONLY_OVER;0;0;0;2495;2495
;1;WALK_IN_NO_CUSTOMER;1499;1499;6745;	-5246;0;0;0;POS/26-27/724;bill;TENDER_ONLY_OVER;0;0;0;6745;6745
;1;WALK_IN_NO_CUSTOMER;899;899;1000;	-101;0;0;0;POS/26-27/736;bill;TENDER_ONLY_OVER;0;0;0;1000;1000
;1;WALK_IN_NO_CUSTOMER;1150;1150;1150;0;0;0;0;POS/26-27/741;bill;TENDER_ONLY_OVER;0;0;0;1150;1150
;1;WALK_IN_NO_CUSTOMER;101;101;101;0;0;0;0;POS/26-27/741;bill;TENDER_ONLY_OVER;0;0;0;101;101
;1;WALK_IN_NO_CUSTOMER;276;276;276;0;0;0;0;POS/26-27/765;bill;TENDER_ONLY_OVER;0;0;0;276;276
;1;WALK_IN_NO_CUSTOMER;251;251;251;0;0;0;0;POS/26-27/795;bill;TENDER_ONLY_OVER;0;0;0;251;251
;1;WALK_IN_NO_CUSTOMER;495;495;495;0;0;0;0;POS/26-27/818;bill;TENDER_ONLY_OVER;0;0;0;495;495
;1;WALK_IN_NO_CUSTOMER;1599;1599;8600;	-7001;0;0;0;POS/26-27/824;bill;TENDER_ONLY_OVER;0;0;0;8600;8600
;1;WALK_IN_NO_CUSTOMER;300.6504000000000;300.6504000000000;1140.9995999999999;	-840.3491999999999;0;0;0;POS/26-27/828;bill;TENDER_ONLY_OVER;0;0;0;1140.9995999999999;1140.9995999999999
;1;WALK_IN_NO_CUSTOMER;1150;1150;2540;	-1390;0;0;0;POS/26-27/832;bill;TENDER_ONLY_OVER;0;0;0;2540;2540
;1;WALK_IN_NO_CUSTOMER;250;250;250;0;0;0;0;POS/26-27/835;bill;TENDER_ONLY_OVER;0;0;0;250;250
;1;WALK_IN_NO_CUSTOMER;100;100;100;0;0;0;0;POS/26-27/837;bill;TENDER_ONLY_OVER;0;0;0;100;100
;1;WALK_IN_NO_CUSTOMER;15862;15862;15862.00;15862;15862;31724;0;POS/26-27/85;bill;EXACT_DOUBLE_RECEIPT;0;0;0;0;0
;1;WALK_IN_NO_CUSTOMER;150.00005;150.00005;150;0;0;0;0;POS/26-27/854;bill;TENDER_ONLY_OVER;0;0;0;150.00005;150.00005
;1;WALK_IN_NO_CUSTOMER;100;100;100;0;0;0;0;POS/26-27/869;bill;TENDER_ONLY_OVER;0;0;0;100;100
;1;WALK_IN_NO_CUSTOMER;350;350;1150;	-800;0;0;0;POS/26-27/871;bill;TENDER_ONLY_OVER;0;0;0;1150;1150
;1;WALK_IN_NO_CUSTOMER;200;200;200;0;0;0;0;POS/26-27/872;bill;TENDER_ONLY_OVER;0;0;0;200;200
;1;WALK_IN_NO_CUSTOMER;345;345;345;0;0;0;0;POS/26-27/873;bill;TENDER_ONLY_OVER;0;0;0;345;345
;1;WALK_IN_NO_CUSTOMER;72.99999999999999;72.99999999999999;72.99999999999999;0;0;0;0;POS/26-27/876;bill;TENDER_ONLY_OVER;0;0;0;72.99999999999999;72.99999999999999
;1;WALK_IN_NO_CUSTOMER;630;630;630;0;0;0;0;POS/26-27/887;bill;TENDER_ONLY_OVER;0;0;0;630;630
;1;WALK_IN_NO_CUSTOMER;52;52;52;0;0;0;0;POS/26-27/889;bill;TENDER_ONLY_OVER;0;0;0;52;52
;1;WALK_IN_NO_CUSTOMER;2190;2190;2450;	-260;0;0;0;POS/26-27/895;bill;TENDER_ONLY_OVER;0;0;0;2450;2450
;1;WALK_IN_NO_CUSTOMER;525;525;1065;	-540;0;0;0;POS/26-27/901;bill;TENDER_ONLY_OVER;0;0;0;1065;1065
;1;WALK_IN_NO_CUSTOMER;600;600;600;0;0;0;0;POS/26-27/905;bill;TENDER_ONLY_OVER;0;0;0;600;600
;1;WALK_IN_NO_CUSTOMER;905;905;905;0;0;0;0;POS/26-27/911;bill;TENDER_ONLY_OVER;0;0;0;905;905
;1;WALK_IN_NO_CUSTOMER;1700;1700;1700;0;0;0;0;POS/26-27/960;bill;TENDER_ONLY_OVER;0;0;0;1700;1700
;1;WALK_IN_NO_CUSTOMER;300;300;300;0;0;0;0;POS/26-27/960;bill;TENDER_ONLY_OVER;0;0;0;300;300
;1;WALK_IN_NO_CUSTOMER;1599;1599;2746;	-1147;0;0;0;POS/26-27/976;bill;TENDER_ONLY_OVER;0;0;0;2746;2746
;1;WALK_IN_NO_CUSTOMER;200;200;200;0;0;0;0;POS/26-27/983;bill;TENDER_ONLY_OVER;0;0;0;200;200
;1;WALK_IN_NO_CUSTOMER;260.00000000000000;260.00000000000000;291.00000000000006;	-31.00000000000006;0;0;0;POS/26-27/987;bill;TENDER_ONLY_OVER;0;0;0;291.00000000000006;291.00000000000006
;1;WALK_IN_NO_CUSTOMER;88;88;88;0;0;0;0;POS/26-27/988;bill;TENDER_ONLY_OVER;0;0;0;88;88
;1;WALK_IN_NO_CUSTOMER;68.99999999999999;68.99999999999999;68.99999999999999;0;0;0;0;POS/26-27/989;bill;TENDER_ONLY_OVER;0;0;0;68.99999999999999;68.99999999999999
;1;WALK_IN_NO_CUSTOMER;150.00030000000004;150.00030000000004;150;0;0;0;0;POS/26-27/993;bill;TENDER_ONLY_OVER;0;0;0;150.00030000000004;150.00030000000004
07e95598-84b7-4e94-bb55-6ec0a961becd;;NEEDS_BUCKET_G;;;3000;;;1;;;customer;MIXED_TENDER_PLUS_RECEIPT_OVER;;0;3000;1;
0e55c65b-151d-4192-9201-99ce4033d1d1;;NEEDS_BUCKET_G;;;200;;;1;;;customer;RECEIPT_DUPLICATES_AT_SALE_TENDER;;1200;0;1;
1b55c8fa-22cc-4b37-8e11-c6755a8dd1fa;;NEEDS_BUCKET_G;;;1644.995;;;2;;;customer;RECEIPT_DUPLICATES_AT_SALE_TENDER+RECEIPT_DUPLICATES_AT_SALE_TENDER;;0.005;0.005;2;
20579620-75f2-4c1c-8798-90dfc162ce0f;;NEEDS_BUCKET_G;;;2390;;;0;;;customer;TENDER_ONLY_OVER;;2324;0;1;
22e086fa-29f8-48a6-a66c-b7f5d3ad370f;;NEEDS_BUCKET_G;;;2799.9998;;;2;;;customer;RECEIPT_DUPLICATES_AT_SALE_TENDER+MIXED_TENDER_PLUS_RECEIPT_OVER;;700.0002;700.0002;2;
32d34671-e02d-438e-8b21-dac59eca0822;;NEEDS_BUCKET_G;;;850;;;2;;;customer;MIXED_TENDER_PLUS_RECEIPT_OVER+RECEIPT_OVER_PARTIAL;;3750;3750;2;
3a4ef881-e561-4c0e-9764-1c8e903fe109;;NEEDS_BUCKET_G;;;3100;;;1;;;customer;RECEIPT_OVER_PARTIAL;;500;1000;1;
54572eba-f362-4bf4-8bff-f51b4dfdd9e2;;NEEDS_BUCKET_G;;;5200;;;1;;;customer;TENDER_ONLY_OVER+RECEIPT_OVER_PARTIAL;;2500;2500;2;
5d17dd09-5cde-4876-87c6-dc8e47f15b23;;NEEDS_BUCKET_G;;;30110.0;;;6;;;customer;RECEIPT_DUPLICATES_AT_SALE_TENDER+EXACT_DOUBLE_RECEIPT+RECEIPT_DUPLICATES_AT_SALE_TENDER+RECEIPT_DUPLICATES_AT_SALE_TENDER+RECEIPT_OVER_PARTIAL+RECEIPT_DUPLICATES_AT_SALE_TENDER;;1200;1000;6;
70a1d1cc-b534-49e2-8461-989b26fe1935;;NEEDS_BUCKET_G;;;1349.9995000000001;;;2;;;customer;RECEIPT_DUPLICATES_AT_SALE_TENDER+RECEIPT_DUPLICATES_AT_SALE_TENDER;;0.0004999999999;0.0004999999999;2;
823962af-2422-49ff-b907-36bd2fb568fe;;NEEDS_BUCKET_G;;;1000;;;1;;;customer;MIXED_TENDER_PLUS_RECEIPT_OVER;;1500;1000;1;
9c324a1a-6a06-41e4-b51a-9b3e1f6219fc;;NEEDS_BUCKET_G;;;1000.0007;;;1;;;customer;MIXED_TENDER_PLUS_RECEIPT_OVER;;0.0000;399.9993;1;
a6aad82f-0e2f-41fd-b60d-b109600be6e0;;NEEDS_BUCKET_G;;;1000;;;1;;;customer;MIXED_TENDER_PLUS_RECEIPT_OVER;;0;1000;1;
b9bd7c57-36e6-458c-8867-fb88d4bf4001;;NEEDS_BUCKET_G;;;6549.9992;;;3;;;customer;RECEIPT_DUPLICATES_AT_SALE_TENDER+RECEIPT_OVER_PARTIAL+MIXED_TENDER_PLUS_RECEIPT_OVER;;5250.0008;650.0008;3;
bc266355-68d6-424b-b71c-855aad2395c4;;NEEDS_BUCKET_G;;;4698.00;;;3;;;customer;MIXED_TENDER_PLUS_RECEIPT_OVER+NET_DUE_ZERO+NET_DUE_ZERO;;1500;1500;3;
c085667a-c7ba-4a9f-b842-cead6f56310a;;NEEDS_BUCKET_G;;;400.0004;;;1;;;customer;MIXED_TENDER_PLUS_RECEIPT_OVER;;0;400;1;
c6633e62-9c59-4c9d-bf64-d879faf9f264;;NEEDS_BUCKET_G;;;3000;;;1;;;customer;MIXED_TENDER_PLUS_RECEIPT_OVER;;0;3000;1;
ff3547a1-d241-4fff-8465-665ee86707bb;;NEEDS_BUCKET_G;;;10000;;;1;;;customer;RECEIPT_OVER_PARTIAL;;0;1000;1;
02d461c8-bcf3-4303-8534-158f409eff3f;;REPAIR_SUFFICIENT_SNAP;;;4300;;;1;;;customer;RECEIPT_DUPLICATES_AT_SALE_TENDER;;0;0;1;
0616f278-8878-45fb-9dd4-ea899dfeb039;;REPAIR_SUFFICIENT_SNAP;;;18878;;;5;;;customer;RECEIPT_DUPLICATES_AT_SALE_TENDER+EXACT_DOUBLE_RECEIPT+EXACT_DOUBLE_RECEIPT+EXACT_DOUBLE_RECEIPT+EXACT_DOUBLE_RECEIPT;;0;0;5;
1934e513-a1cf-4f56-9032-8cdff11eacda;;REPAIR_SUFFICIENT_SNAP;;;1550;;;0;;;customer;TENDER_ONLY_OVER;;0;0;1;
1ad6cd52-ce9c-48fd-85e0-12300ddd2a70;;REPAIR_SUFFICIENT_SNAP;;;2000;;;1;;;customer;EXACT_DOUBLE_RECEIPT;;0;0;1;
1c0febc4-3205-4c24-90a2-e17fae6f8aec;;REPAIR_SUFFICIENT_SNAP;;;1005;;;0;;;customer;TENDER_ONLY_OVER;;0;0;1;
1ce7dbea-7da0-4c3b-b805-be5d39cb4779;;REPAIR_SUFFICIENT_SNAP;;;3841.713000000001;;;1;;;customer;RECEIPT_OVER_PARTIAL;;0;0;1;
1f98d2c7-28c2-417a-bdcc-0d41eccb467e;;REPAIR_SUFFICIENT_SNAP;;;1000;;;1;;;customer;RECEIPT_OVER_PARTIAL;;0;0;1;
2035a643-eaf4-4ac3-86d9-af901c69e968;;REPAIR_SUFFICIENT_SNAP;;;1349.9981000000007;;;0;;;customer;TENDER_ONLY_OVER;;0;0;1;
21103e57-b6bc-46b1-a9fe-6fc5d8731207;;REPAIR_SUFFICIENT_SNAP;;;415;;;0;;;customer;TENDER_ONLY_OVER;;0;0;1;
214db117-3616-4508-ac9f-3fcbb05903e1;;REPAIR_SUFFICIENT_SNAP;;;50;;;1;;;customer;RECEIPT_OVER_PARTIAL;;0;0;1;
2bc8adb1-9f63-464d-9b63-e9184b9427aa;;REPAIR_SUFFICIENT_SNAP;;;300;;;0;;;customer;TENDER_ONLY_OVER;;0;0;1;
2fcbb26b-e1d5-40aa-a528-a6374cabeb43;;REPAIR_SUFFICIENT_SNAP;;;5250;;;1;;;customer;EXACT_DOUBLE_RECEIPT;;0;0;1;
30615061-3f6f-4433-99f6-cd8a93d8276f;;REPAIR_SUFFICIENT_SNAP;;;1600;;;1;;;customer;NET_DUE_ZERO;;0;0;1;
3063c897-8909-40c9-808c-cdbb94344f40;;REPAIR_SUFFICIENT_SNAP;;;10000;;;1;;;customer;RECEIPT_OVER_PARTIAL;;0;0;1;
30d72f5a-27b0-43e5-a651-e7b8b8d913f1;;REPAIR_SUFFICIENT_SNAP;;;200;;;1;;;customer;NET_DUE_ZERO;;0;0;1;
3442fa9c-0d6b-47f5-b631-4c30dc3faf46;;REPAIR_SUFFICIENT_SNAP;;;1300;;;1;;;customer;RECEIPT_OVER_PARTIAL;;0;0;1;
3453e4b4-8ef0-4501-8add-4dd1a35def5b;;REPAIR_SUFFICIENT_SNAP;;;800;;;0;;;customer;TENDER_ONLY_OVER;;0;0;1;
3c2e5760-cc73-4b81-87f8-567fcd178448;;REPAIR_SUFFICIENT_SNAP;;;4500;;;1;;;customer;RECEIPT_DUPLICATES_AT_SALE_TENDER;;0;0;1;
4046e7f4-ad50-43f8-9199-603520253a00;;REPAIR_SUFFICIENT_SNAP;;;2900;;;1;;;customer;RECEIPT_DUPLICATES_AT_SALE_TENDER+TENDER_ONLY_OVER;;0;0;2;
4ae59409-3fc8-413b-b0e4-2e3664641653;;REPAIR_SUFFICIENT_SNAP;;;349;;;0;;;customer;TENDER_ONLY_OVER;;0;0;1;
51aa2720-b144-466d-a233-ff0340dd7de8;;REPAIR_SUFFICIENT_SNAP;;;455;;;0;;;customer;TENDER_ONLY_OVER;;0;0;1;
52295574-5fc4-4f03-93a7-f9dd9b3932b8;;REPAIR_SUFFICIENT_SNAP;;;5310.4;;;1;;;customer;RECEIPT_DUPLICATES_AT_SALE_TENDER;;0;0;1;
526460c5-f9ef-4bb7-82f5-5ca90461aeb1;;REPAIR_SUFFICIENT_SNAP;;;250;;;1;;;customer;EXACT_DOUBLE_RECEIPT;;0;0;1;
5b80d18e-07f5-4833-8032-136a120eb433;;REPAIR_SUFFICIENT_SNAP;;;639;;;1;;;customer;RECEIPT_OVER_PARTIAL;;0;0;1;
672235d8-8aa6-43e4-8678-f15cc87748f5;;REPAIR_SUFFICIENT_SNAP;;;3749;;;0;;;customer;TENDER_ONLY_OVER;;0;0;1;
673053a2-daed-42fb-a4ae-e07cfddb7926;;REPAIR_SUFFICIENT_SNAP;;;311;;;0;;;customer;TENDER_ONLY_OVER;;0;0;1;
6cb1c580-35fa-4d50-b592-025f36ab12b6;;REPAIR_SUFFICIENT_SNAP;;;8199;;;0;;;customer;TENDER_ONLY_OVER+TENDER_ONLY_OVER;;0;0;2;
71b043b8-957c-472d-98ce-203fc4e35877;;REPAIR_SUFFICIENT_SNAP;;;6140;;;2;;;customer;EXACT_DOUBLE_RECEIPT+EXACT_DOUBLE_RECEIPT;;0;0;2;
721fd1c2-29dc-486f-b543-68bfb4870ec2;;REPAIR_SUFFICIENT_SNAP;;;3300;;;1;;;customer;EXACT_DOUBLE_RECEIPT;;0;0;1;
7383a57f-3e10-4fca-b67c-14b2fb151ec8;;REPAIR_SUFFICIENT_SNAP;;;3200;;;1;;;customer;RECEIPT_OVER_PARTIAL;;0;0;1;
74144686-b986-45c9-8377-194bfacf6269;;REPAIR_SUFFICIENT_SNAP;;;1299;;;0;;;customer;TENDER_ONLY_OVER;;0;0;1;
75d1295d-eaf0-4dd4-b884-f62c94e1ad18;;REPAIR_SUFFICIENT_SNAP;;;4200;;;1;;;customer;RECEIPT_DUPLICATES_AT_SALE_TENDER;;0;0;1;
7f1ca914-dd1f-4c93-8902-934513b0c1cf;;REPAIR_SUFFICIENT_SNAP;;;1278;;;1;;;customer;RECEIPT_DUPLICATES_AT_SALE_TENDER;;0;0;1;
7fb7d5d7-755b-410b-9158-444ab8f69de6;;REPAIR_SUFFICIENT_SNAP;;;1205;;;1;;;customer;RECEIPT_DUPLICATES_AT_SALE_TENDER;;0;0;1;
83937541-7e14-4dbc-8d79-0a4dff814e4d;;REPAIR_SUFFICIENT_SNAP;;;550;;;1;;;customer;RECEIPT_OVER_PARTIAL;;0;0;1;
8538501f-2f0b-4f69-8974-d96aaf06b682;;REPAIR_SUFFICIENT_SNAP;;;13700.1;;;1;;;customer;EXACT_DOUBLE_RECEIPT;;0;0;1;
87534d47-323f-4057-ae72-6ad52095b68b;;REPAIR_SUFFICIENT_SNAP;;;1400;;;1;;;customer;RECEIPT_OVER_PARTIAL;;0;0;1;
9004106f-be58-4a3a-8df2-01f08ea8c569;;REPAIR_SUFFICIENT_SNAP;;;2495.0;;;1;;;customer;RECEIPT_DUPLICATES_AT_SALE_TENDER;;0;0;1;
933ba20a-da65-4216-93fe-df46fbd24d06;;REPAIR_SUFFICIENT_SNAP;;;3150;;;1;;;customer;EXACT_DOUBLE_RECEIPT;;0;0;1;
93b947b9-fb2f-435d-bc14-d11ba93895a4;;REPAIR_SUFFICIENT_SNAP;;;1800;;;1;;;customer;RECEIPT_OVER_PARTIAL;;0;0;1;
95215fda-9b99-41a1-a474-c3366f5f1377;;REPAIR_SUFFICIENT_SNAP;;;3180;;;0;;;customer;TENDER_ONLY_OVER;;0;0;1;
98529989-4d61-4fd6-b685-4832fd2583ca;;REPAIR_SUFFICIENT_SNAP;;;4289;;;1;;;customer;RECEIPT_DUPLICATES_AT_SALE_TENDER;;0;0;1;
9917dc4d-7257-43bf-abf5-7492bc79b29b;;REPAIR_SUFFICIENT_SNAP;;;4200;;;1;;;customer;RECEIPT_OVER_PARTIAL;;0;0;1;
99d72bad-ecd3-4d29-a6e3-d9adea52faa4;;REPAIR_SUFFICIENT_SNAP;;;899;;;0;;;customer;TENDER_ONLY_OVER;;0;0;1;
9cacb0b3-1d66-47ed-a57d-79b00f24a614;;REPAIR_SUFFICIENT_SNAP;;;2385;;;0;;;customer;TENDER_ONLY_OVER;;0;0;1;
a3815bf9-b431-4d95-934a-9857c6be4fe5;;REPAIR_SUFFICIENT_SNAP;;;1595;;;1;;;customer;RECEIPT_DUPLICATES_AT_SALE_TENDER;;0;0;1;
a52e9c66-0f1c-4aa2-b0d8-7d84c0987831;;REPAIR_SUFFICIENT_SNAP;;;763;;;1;;;customer;RECEIPT_DUPLICATES_AT_SALE_TENDER;;0;0;1;
ae7d0c17-8d95-459e-8bc1-62135c39a0ae;;REPAIR_SUFFICIENT_SNAP;;;4094;;;1;;;customer;EXACT_DOUBLE_RECEIPT+TENDER_ONLY_OVER;;0;0;2;
b7421872-14e6-493a-a01d-f65e8090a1f6;;REPAIR_SUFFICIENT_SNAP;;;800;;;1;;;customer;RECEIPT_DUPLICATES_AT_SALE_TENDER;;0;0;1;
ba0a0943-aa92-4175-930d-5cd0860c42f7;;REPAIR_SUFFICIENT_SNAP;;;1395;;;0;;;customer;TENDER_ONLY_OVER;;0;0;1;
beb3997f-089a-475b-844c-db90e8a805d9;;REPAIR_SUFFICIENT_SNAP;;;849;;;0;;;customer;TENDER_ONLY_OVER;;0;0;1;
c149678e-d25a-4580-b4b4-376715e3b357;;REPAIR_SUFFICIENT_SNAP;;;3100;;;0;;;customer;TENDER_ONLY_OVER;;0;0;1;
c25acad2-2253-4cd0-98d4-dd2728d4d3b5;;REPAIR_SUFFICIENT_SNAP;;;1977.00;;;1;;;customer;EXACT_DOUBLE_RECEIPT;;0;0;1;
c2c3d54b-18cc-40fb-9363-73425b65fd97;;REPAIR_SUFFICIENT_SNAP;;;3290;;;0;;;customer;TENDER_ONLY_OVER;;0;0;1;
c4fb0775-5389-4ff7-9f4d-f66637a19e44;;REPAIR_SUFFICIENT_SNAP;;;300;;;0;;;customer;TENDER_ONLY_OVER;;0;0;1;
cbf33d65-e373-4be0-9f96-c3160f01a0f5;;REPAIR_SUFFICIENT_SNAP;;;250;;;1;;;customer;RECEIPT_DUPLICATES_AT_SALE_TENDER;;0;0;1;
cf08f992-b07a-4177-8efd-d2b9e5214138;;REPAIR_SUFFICIENT_SNAP;;;905;;;0;;;customer;TENDER_ONLY_OVER+TENDER_ONLY_OVER;;0;0;2;
daf3a60f-ef50-4d9a-822a-621d613a99a9;;REPAIR_SUFFICIENT_SNAP;;;3000;;;1;;;customer;RECEIPT_OVER_PARTIAL;;0;0;1;
ddbcf6c5-9709-4998-89f3-46e6a8fb574d;;REPAIR_SUFFICIENT_SNAP;;;1000;;;0;;;customer;TENDER_ONLY_OVER;;0;0;1;
dde74df8-fe5d-48c8-a010-d33f290b98bc;;REPAIR_SUFFICIENT_SNAP;;;12456;;;4;;;customer;RECEIPT_DUPLICATES_AT_SALE_TENDER+RECEIPT_DUPLICATES_AT_SALE_TENDER+RECEIPT_DUPLICATES_AT_SALE_TENDER+EXACT_DOUBLE_RECEIPT;;0;0;4;
e3ebf0ab-d3c4-4249-bd48-118eb053c7b8;;REPAIR_SUFFICIENT_SNAP;;;4885;;;0;;;customer;TENDER_ONLY_OVER+TENDER_ONLY_OVER;;0;0;2;
e698842e-8bb1-40bf-ac05-e85ad5840760;;REPAIR_SUFFICIENT_SNAP;;;1450;;;0;;;customer;TENDER_ONLY_OVER;;0;0;1;
e90adfd4-0958-420f-b877-0aea636a7d4f;;REPAIR_SUFFICIENT_SNAP;;;4000;;;1;;;customer;MIXED_TENDER_PLUS_RECEIPT_OVER;;0;0;1;
ea1e8d2d-8bb5-42e3-8c86-b5e5283d9d4d;;REPAIR_SUFFICIENT_SNAP;;;3995;;;0;;;customer;TENDER_ONLY_OVER+TENDER_ONLY_OVER;;0;0;2;
eed049ad-25b0-4380-92d4-316219cd8282;;REPAIR_SUFFICIENT_SNAP;;;8400;;;1;;;customer;RECEIPT_DUPLICATES_AT_SALE_TENDER;;0;0;1;
f759ceed-2d4d-4074-ba43-11e111110761;;REPAIR_SUFFICIENT_SNAP;;;1000;;;0;;;customer;TENDER_ONLY_OVER;;0;0;1;
f78ef061-4c47-4d2a-90c1-f993a50af51a;;REPAIR_SUFFICIENT_SNAP;;;785;;;0;;;customer;TENDER_ONLY_OVER+TENDER_ONLY_OVER;;0;0;2;
f85eefb3-c3b2-4a94-9b2b-53f45f987a23;;REPAIR_SUFFICIENT_SNAP;;;1470;;;0;;;customer;TENDER_ONLY_OVER;;0;0;1;
fb724908-5fe3-431e-bfb6-83f33f07a82a;;REPAIR_SUFFICIENT_SNAP;;;575;;;0;;;customer;TENDER_ONLY_OVER;;0;0;1;
fc05b0af-62b9-4519-b8c0-d90ff74d2307;;REPAIR_SUFFICIENT_SNAP;;;363.3;;;1;;;customer;RECEIPT_OVER_PARTIAL;;0;0;1;
fd857b39-a7bd-4bef-9639-a5524c7d4cbf;;REPAIR_SUFFICIENT_SNAP;;;24850;;;1;;;customer;EXACT_DOUBLE_RECEIPT;;0;0;1;
ffe63ae6-51bf-43bf-8bd5-7a17c7f7075c;;REPAIR_SUFFICIENT_SNAP;;;2800.00009999;;;1;;;customer;RECEIPT_DUPLICATES_AT_SALE_TENDER;;0;0;1;
1167547a-2ef1-4931-8993-2cb21ebcb619;;SANTOSH_SEPARATE;;;11500;;;2;;;customer;RECEIPT_OVER_PARTIAL+MIXED_TENDER_PLUS_RECEIPT_OVER;;6000;6000;2;
;;;2;87;554871.58619999000202;;329;32;;;headline;;;280818.5076999900011;85;450;
0e55c65b-151d-4192-9201-99ce4033d1d1;;;;0;;;700;700;;POS/25-26/619;sibling;;;;700;1000;1000
0e55c65b-151d-4192-9201-99ce4033d1d1;;;;0;;;2500;2500;;POS/26-27/1655;sibling;;;;500;500;500
20579620-75f2-4c1c-8798-90dfc162ce0f;;;;0;;;2324;2324;;POS/26-27/1409;sibling;;;;2324;6000;6000
3a4ef881-e561-4c0e-9764-1c8e903fe109;;;;0;;;3000;3000;;POS/26-27/824;sibling;;;;500;500;500
5d17dd09-5cde-4876-87c6-dc8e47f15b23;;;;0;;;3000;3000;;POS/26-27/1360;sibling;;;;200;200;200
823962af-2422-49ff-b907-36bd2fb568fe;;;;0;;;1700;1700;;POS/25-26/470;sibling;;;;1500;1500;1500
b9bd7c57-36e6-458c-8867-fb88d4bf4001;;;;0;;;5000;5000;;POS/25-26/172;sibling;;;;3000;3000;3000
b9bd7c57-36e6-458c-8867-fb88d4bf4001;;;;0;;;600;600;;POS/26-27/25;sibling;;;;500;500;500
b9bd7c57-36e6-458c-8867-fb88d4bf4001;;;;0.0015;;;4300;4300;;POS/26-27/738;sibling;;;;1100;1100;1100